true_char,pred_topk,pred1,context
人,人不有之民,人,"唯十四年中山王作鼎,于曰:烏乎,語不廢哉,寡聞之,與其溺於人也,寧於淵,昔者,燕君子噲 夫悟,長為人主,閈 天下之物矣,猶迷惑於子之而其邦,為天下戮,而況在於少乎,昔者,吾先考成王,棄群臣,寡人幼童,未通,唯傅姆是從,天降休命朕邦,有厥忠"
溺,溺死流墮浮,溺,"唯十四年中山王作鼎,于曰:烏乎,語不廢哉,寡聞之,與其溺於人也,寧於淵,昔者,燕君子噲 夫悟,長為人主,閈 天下之物矣,猶迷惑於子之而其邦,為天下戮,而況在於少乎,昔者,吾先考成王,棄群臣,寡人幼童,未通,唯傅姆是從,天降休命朕邦,有厥忠"
於,得於有了是,得,"唯十四年中山王作鼎,于曰:烏乎,語不廢哉,寡聞之,與其溺於人也,寧於淵,昔者,燕君子噲 夫悟,長為人主,閈 天下之物矣,猶迷惑於子之而其邦,為天下戮,而況在於少乎,昔者,吾先考成王,棄群臣,寡人幼童,未通,唯傅姆是從,天降休命朕邦,有厥忠"
亡,為於亂亡治,為,"唯十四年中山王作鼎,于曰:烏乎,語不廢哉,寡聞之,與其溺於人也,寧於淵,昔者,燕君子噲 夫悟,長為人主,閈 天下之物矣,猶迷惑於子之而其邦,為天下戮,而況在於少乎,昔者,吾先考成王,棄群臣,寡人幼童,未通,唯傅姆是從,天降休命朕邦,有厥忠"
于,於為于與治,於,"唯十四年中山王作鼎,于曰:烏乎,語不廢哉,寡聞之,與其溺於人也,寧於淵,昔者,燕君子噲 夫悟,長為人主,閈 天下之物矣,猶迷惑於子之而其邦,為天下戮,而況在於少乎,昔者,吾先考成王,棄群臣,寡人幼童,未通,唯傅姆是從,天降休命朕邦,有厥忠"
有,有之出喪執,有,"唯五年正月己丑,琱 甥事,召來合事,余獻氏壺,告曰:以君氏令曰,老止公,僕庸土田多,伯氏從許,公宕其,汝宕其貳,公宕其貳,汝則其一,余惠于君氏大璋,氏帛束、璜,召伯虎曰:余既訊,我考我母令,弗敢亂,余或致我考我母,琱 甥則覲"
則,則亦则也者,則,"唯五年正月己丑,琱 甥事,召來合事,余獻氏壺,告曰:以君氏令曰,老止公,僕庸土田多,伯氏從許,公宕其,汝宕其貳,公宕其貳,汝則其一,余惠于君氏大璋,氏帛束、璜,召伯虎曰:余既訊,我考我母令,弗敢亂,余或致我考我母,琱 甥則覲"
宕,宕押妾賜保,宕,"唯五年正月己丑,琱 甥事,召來合事,余獻氏壺,告曰:以君氏令曰,老止公,僕庸土田多,伯氏從許,公宕其,汝宕其貳,公宕其貳,汝則其一,余惠于君氏大璋,氏帛束、璜,召伯虎曰:余既訊,我考我母令,弗敢亂,余或致我考我母,琱 甥則覲"
令,令權旨府使,令,"唯五年正月己丑,琱 甥事,召來合事,余獻氏壺,告曰:以君氏令曰,老止公,僕庸土田多,伯氏從許,公宕其,汝宕其貳,公宕其貳,汝則其一,余惠于君氏大璋,氏帛束、璜,召伯虎曰:余既訊,我考我母令,弗敢亂,余或致我考我母,琱 甥則覲"
子,子千繼出祖,子,"唯曾伯文自作寶,用眉壽、黃耇 ,其萬年,子孫孫。"
師,師中山府师,師,"唯十月,用玁 放𬌐 ,廣伐京師,告追于王,武公遣乃元士,羞追于京,武公命多友率公車,羞于京師,癸未,戎伐,孚,多友西追,甲申之辰,搏于,多友有折首執,凡以公車折首二百又□五人,執訊廿又三人,俘戎百乘一十又七乘,卒復俘,又搏于共"
追,追捕逃殺擊,追,"唯十月,用玁 放𬌐 ,廣伐京師,告追于王,武公遣乃元士,羞追于京,武公命多友率公車,羞于京師,癸未,戎伐,孚,多友西追,甲申之辰,搏于,多友有折首執,凡以公車折首二百又□五人,執訊廿又三人,俘戎百乘一十又七乘,卒復俘,又搏于共"
訊,訊讯令捕戒,訊,"唯十月,用玁 放𬌐 ,廣伐京師,告追于王,武公遣乃元士,羞追于京,武公命多友率公車,羞于京師,癸未,戎伐,孚,多友西追,甲申之辰,搏于,多友有折首執,凡以公車折首二百又□五人,執訊廿又三人,俘戎百乘一十又七乘,卒復俘,又搏于共"
又,〇二六又七,〇,"唯十月,用玁 放𬌐 ,廣伐京師,告追于王,武公遣乃元士,羞追于京,武公命多友率公車,羞于京師,癸未,戎伐,孚,多友西追,甲申之辰,搏于,多友有折首執,凡以公車折首二百又□五人,執訊廿又三人,俘戎百乘一十又七乘,卒復俘,又搏于共"
子,子祖以君千,子,"鄀 于子又自作旅,子孫孫永用。"
公,伯公大子方,伯,"拜𩒨 首,休朕寶君伯,賜厥臣弟井五㮛 ,賜𧙧 冑、干戈,弗敢公伯休,對揚伯休。"
之,之耀榮德大,之,"唯越十又九年,王曰:,汝亦虔秉丕經德,以總光,於之學,𧻚𧻚 ,弼王,往捍庶盟,以光朕位,今余其念乃有休祝成,烈壯用爯 ,光於肆,汝其用茲,綏安乃,思逸康樂,勿有不義,之於不啻,唯王命,元,乃德,子孫永保。"
子,有子文傳見,有,"唯九月,初吉庚申,曾邍 彝為孟姬鑄媵 。"
孫,孫孙子祖女,孫,"唯四年二月,既生霸戊戌,王在周師彔 宮,各大室,位,馬共佑,王乎史册賜靳、鞹 、鋚 ,敢對揚天子休,用作文寶𣪕 ,其萬年,子子孫其永寶,木羊册。"
呂,余胤呂我王,余,"唯王正月,初吉丁亥,曰:余畢公之孫、呂伯子,余頡事君,余狩,作爲余鐘,玄鋁,大八肆,其四堵,矯矯其,既伸暢虡 ,大鐘既懸,玉鼓,余不敢爲驕,我以孝,樂我先祖,以祈眉壽,世世子孫,永以爲寶。"
之,之公太其長,之,"唯王正月,初吉丁亥,曰:余畢公之孫、呂伯子,余頡事君,余狩,作爲余鐘,玄鋁,大八肆,其四堵,矯矯其,既伸暢虡 ,大鐘既懸,玉鼓,余不敢爲驕,我以孝,樂我先祖,以祈眉壽,世世子孫,永以爲寶。"
鐘,鐘鼓門廳尺,鐘,"唯王正月,初吉丁亥,曰:余畢公之孫、呂伯子,余頡事君,余狩,作爲余鐘,玄鋁,大八肆,其四堵,矯矯其,既伸暢虡 ,大鐘既懸,玉鼓,余不敢爲驕,我以孝,樂我先祖,以祈眉壽,世世子孫,永以爲寶。"
以,以迎安為宴,以,"唯王正月,初吉乙巳,□朱勾之孫□亘□喪,王欲師,擇吉金,自作龢鐘,樂賓客,誌勞諸侯,往,余之客,酓酓 孔協,世後,無疾自下,允位,汝之利,台孫皆永寶。"
王,相王女所之,相,"庚伐陸,睪其王,𬟰 方綾相乘牡,釗不□其乘牡,與以□師。"
大,大之一配為,大,"王若曰:父,丕顯文武,皇天引厭厥德配我有周,膺大命,率懷不廷方,亡不于文武耿光,唯天壯集厥,亦唯先正厥辟,爵堇命,肆皇天亡斁 ,臨保我有周,丕鞏先王配命,旻天威,司余小子弗彶 ,邦曷 吉,四方,大縱不,烏乎,余小子,湛艱,永鞏先王"
兩,兩五四八六,兩,"矩或取赤琥兩、韍 、賁一,裁廿朋,其捨三田。"
年,有事物利年,有,"唯五月初吉,王在周,令冊內史賜免鹵百,免蔑女王休,用作盤盉 ,其萬寶用。"
王,王命文詔故,王,"唯二年正月初吉,王在周 宮,丁亥,王各于宣榭,毛伯入門,立中廷,佑祝 ,王乎內史册命𨝍 ,曰:昔先王既命汝作邑, 五邑祝,今余唯申就乃,賜汝赤、衡、鑾旂,用事,𨝍 拜手𩒨 首,對揚天子休命,𨝍 用作皇考龏 伯尊𣪕 ,𨝍 眉壽,萬年無"
盂,盂他晉王總,盂,"榮即酋厥故,□伯□□鬼,鬼以新□從,,折酋于□,王乎伯令以人聝 入門,獻西旅,□□入燎周廟,盂以□入三,即立中廷,北嚮,盂告伯即位,伯□□□□于伯,繼伯,□伯,告咸,與諸侯侯、甸、男□□盂征,既咸,賓即位、贊,王乎贊盂,"
曰,曰言道說謂,曰,"唯十四年中山王作鼎,于銘:烏乎,語不廢哉,寡人之,與其溺於人也,寧溺淵,昔者,燕君子噲 叡夫悟,長為人主,閈 於天下之物矣,猶迷惑於子之而亡邦,為天下戮,而況在於少君,昔者,吾先考成王,早群臣,寡人幼童,未通智,唯傅姆是從,天降休命于邦,有厥忠"
於,於于深之天,於,"唯十四年中山王作鼎,于銘:烏乎,語不廢哉,寡人之,與其溺於人也,寧溺淵,昔者,燕君子噲 叡夫悟,長為人主,閈 於天下之物矣,猶迷惑於子之而亡邦,為天下戮,而況在於少君,昔者,吾先考成王,早群臣,寡人幼童,未通智,唯傅姆是從,天降休命于邦,有厥忠"
事,事病令旨異,事,"唯五年正月己丑,琱 甥有,召來合事,余獻氏以,告曰:以君氏令曰,余止公,僕庸土田多,弋氏從許,公宕其,汝則其貳,公宕其貳,汝則宕一,余惠于君氏大璋,報氏帛束、璜,召伯虎曰:既訊,我考我母令,余敢亂,余或致我考我母令,琱 甥則覲"
宕,宕押攬承妾,宕,"唯五年正月己丑,琱 甥有,召來合事,余獻氏以,告曰:以君氏令曰,余止公,僕庸土田多,弋氏從許,公宕其,汝則其貳,公宕其貳,汝則宕一,余惠于君氏大璋,報氏帛束、璜,召伯虎曰:既訊,我考我母令,余敢亂,余或致我考我母令,琱 甥則覲"
其,其之於至此,其,"唯五年正月己丑,琱 甥有,召來合事,余獻氏以,告曰:以君氏令曰,余止公,僕庸土田多,弋氏從許,公宕其,汝則其貳,公宕其貳,汝則宕一,余惠于君氏大璋,報氏帛束、璜,召伯虎曰:既訊,我考我母令,余敢亂,余或致我考我母令,琱 甥則覲"
余,君汝余我父,君,"唯五年正月己丑,琱 甥有,召來合事,余獻氏以,告曰:以君氏令曰,余止公,僕庸土田多,弋氏從許,公宕其,汝則其貳,公宕其貳,汝則宕一,余惠于君氏大璋,報氏帛束、璜,召伯虎曰:既訊,我考我母令,余敢亂,余或致我考我母令,琱 甥則覲"
子,子嗣兒生老,子,"唯曾伯文自作寶,用賜壽、黃耇 ,其萬年,子孫孫。"
武,武文王軍大,武,"唯十月,用玁 放𬌐 ,廣伐京師,告追于王,命公遣乃元士,羞追于京師,武公命多友率公車,羞追京師,癸未,戎伐,衣,多友西追,甲申之辰,于,多友有折首執訊,凡以公車折首二百又□又人,執訊廿又三人,俘戎車乘一十又七乘,卒復人,又搏于共"
于,于於在至與,于,"唯十月,用玁 放𬌐 ,廣伐京師,告追于王,命公遣乃元士,羞追于京師,武公命多友率公車,羞追京師,癸未,戎伐,衣,多友西追,甲申之辰,于,多友有折首執訊,凡以公車折首二百又□又人,執訊廿又三人,俘戎車乘一十又七乘,卒復人,又搏于共"
五,七四五六三,七,"唯十月,用玁 放𬌐 ,廣伐京師,告追于王,命公遣乃元士,羞追于京師,武公命多友率公車,羞追京師,癸未,戎伐,衣,多友西追,甲申之辰,于,多友有折首執訊,凡以公車折首二百又□又人,執訊廿又三人,俘戎車乘一十又七乘,卒復人,又搏于共"
子,子嗣家女之,子,"于子又自作旅,子孫孫永用。"
賜,及賜和與以,及,"拜𩒨 首,休朕寶君公,賜厥臣弟井五㮛 ,𧙧 冑、干戈,弗敢望伯休,對揚伯休。"
之,之人我君德,之,"唯越十又九年,王曰:者,汝亦虔秉丕經德,以克光,於之學,𧻚𧻚 哉,弼王,往捍庶盟,以祇朕位,今余其念乃有齋祝成,烈壯用爯 ,光之肆,汝其用茲,綏安乃壽,思逸康樂,勿有不義,於不啻,唯王命,元,德,子孫永保。"
孫,孫祖孙代子,孫,"唯四年二月,既生霸戊戌,在周師彔 宮,各大室,即,馬共佑,王乎史賜靳、鞹 、鋚 勒,敢對揚天子休,用作文考𣪕 ,其萬年,子子孫其永寶,木羊册。"
子,子孫父君兄,子,"唯王正月,初吉丁亥,呂曰:余畢公之孫、呂伯之,余頡事君,余狩武,作爲余鐘,玄鋁,大鐘肆,其四堵,矯矯其龍,既伸暢虡 ,大鐘既懸,鼓,余不敢爲驕,我以享,樂我先祖,以祈眉壽,世子孫,永以爲寶。"
世,世萬後后百,世,"唯王正月,初吉丁亥,呂曰:余畢公之孫、呂伯之,余頡事君,余狩武,作爲余鐘,玄鋁,大鐘肆,其四堵,矯矯其龍,既伸暢虡 ,大鐘既懸,鼓,余不敢爲驕,我以享,樂我先祖,以祈眉壽,世子孫,永以爲寶。"
夷,夷人邑海王,夷,"王若曰:,丕顯文、武受,則乃祖奠周邦,今余命嫡官邑人,先虎臣後庸:西門夷、秦夷、京夷、、師、側薪、華夷、夷、人、成周走亞、、秦人、降人、服夷,賜玄衣純、緇 、衡、戈琱 、厚、彤蘇、旂、鋚 勒,用事,𩒨 首,對揚天"
乘,之乘女公的,之,"庚伐陸,睪其王,𬟰 綾相乘牡,釗不□其王牡,與以□師。"
皇,唯先皇若尊,唯,"王若曰:父,丕顯文武,天引厭厥德配我有周,膺受命,率懷不廷方,亡不覲文武耿光,唯天壯集厥命,亦唯先正厥辟,爵堇大,肆皇天亡斁 ,臨保我有,丕鞏先王配命,旻天疾,司余小子弗彶 ,邦將 吉,四方,大縱不靖,烏乎,余小子,湛于,永鞏先王"
周,周命權位朝,周,"王若曰:父,丕顯文武,天引厭厥德配我有周,膺受命,率懷不廷方,亡不覲文武耿光,唯天壯集厥命,亦唯先正厥辟,爵堇大,肆皇天亡斁 ,臨保我有,丕鞏先王配命,旻天疾,司余小子弗彶 ,邦將 吉,四方,大縱不靖,烏乎,余小子,湛于,永鞏先王"
十,三四五十一,三,"唯王于伐楚,伯在炎,唯月,既死霸丁丑,作册夨 令尊宜于王姜,姜賞令貝朋、臣十家、鬲 百人。"
王,王即虎身定,王,"唯元年六月,既望甲戌,在杜,𢓜 于大室,井入佑師虎,即立中廷,北,王乎內史吳曰:册命虎。"
曰,曰道言說答,曰,"唯二年正月初吉,王在周卲 宮,丁亥,王各于宣榭,伯入門,立中廷,佑祝𨝍 ,王乎內史册命𨝍 ,王:昔先王既命汝作邑,纘 五邑祝,今余唯申就乃命,賜汝赤、衡、鑾旂,事,𨝍 拜手𩒨 首,敢揚天子休命,𨝍 用作朕考龏 伯尊𣪕 ,𨝍 其壽,萬年無"
以,以諸眾之使,以,"榮即酋厥故,□伯□□鬼,鬼以新□從,咸,折酋于□,王乎伯令盂人聝 入門,獻西旅,□□入燎周廟,盂以□入三門,即立中廷,北嚮,盂告即位,伯□□□□于明,繼伯,□伯,告咸,盂諸侯侯、甸、男□□從征,既咸,賓即位、贊賓,王乎贊盂,"
伯,伯公王賓大,伯,"榮即酋厥故,□伯□□鬼,鬼以新□從,咸,折酋于□,王乎伯令盂人聝 入門,獻西旅,□□入燎周廟,盂以□入三門,即立中廷,北嚮,盂告即位,伯□□□□于明,繼伯,□伯,告咸,盂諸侯侯、甸、男□□從征,既咸,賓即位、贊賓,王乎贊盂,"
與,告以與請之,告,"榮即酋厥故,□伯□□鬼,鬼以新□從,咸,折酋于□,王乎伯令盂人聝 入門,獻西旅,□□入燎周廟,盂以□入三門,即立中廷,北嚮,盂告即位,伯□□□□于明,繼伯,□伯,告咸,盂諸侯侯、甸、男□□從征,既咸,賓即位、贊賓,王乎贊盂,"
之,言之矣曰道,言,"十四年中山王作鼎,于銘曰:烏乎,語不廢哉,寡人聞,與其溺於人也,寧溺於,昔者,燕君子噲 叡悟,長為人主,閈 於天下物矣,猶迷惑於子之而亡其,為天下戮,而況在於少君乎,昔者,吾先考成王,早棄臣,寡人幼童,未通智,傅姆是從,天降休命于朕,有厥忠"
之,萬之有諸無,萬,"十四年中山王作鼎,于銘曰:烏乎,語不廢哉,寡人聞,與其溺於人也,寧溺於,昔者,燕君子噲 叡悟,長為人主,閈 於天下物矣,猶迷惑於子之而亡其,為天下戮,而況在於少君乎,昔者,吾先考成王,早棄臣,寡人幼童,未通智,傅姆是從,天降休命于朕,有厥忠"
其,其之至於于,其,"五年正月己丑,琱 甥有事,召來合事,余獻氏以壺,告曰:以君氏令曰,余老公,僕庸土田多,弋伯從許,公宕其,汝則宕貳,公宕其貳,汝則宕其,余惠于君氏大璋,報帛束、璜,召伯虎曰:余訊,我考我母令,余弗亂,余或致我考我母令, 甥則覲"
孫,孫孙子嗣長,孫,"曾伯文自作寶,用賜眉、黃耇 ,其萬年,子子孫。"
三,三五一四王,三,"王卅又四祀,唯五月既戊,王在京,禘 於昭王,鮮蔑,祼王𬔧 ,祼玉品,貝廿朋,對王休,用,子孫其永寶。"
公,公官士臣帝,公,"十月,用玁 放𬌐 ,伐京師,告追于王,命武遣乃元士,羞追于京師,公命多友率公車,羞追于師,癸未,戎伐,衣孚,多友西追,甲申之辰,搏,多友有折首執訊,以公車折首二百又□又五,執訊廿又三人,俘戎車百一十又七乘,卒復人俘,又搏于共"
武,武王宣軍大,武,"十月,用玁 放𬌐 ,伐京師,告追于王,命武遣乃元士,羞追于京師,公命多友率公車,羞追于師,癸未,戎伐,衣孚,多友西追,甲申之辰,搏,多友有折首執訊,以公車折首二百又□又五,執訊廿又三人,俘戎車百一十又七乘,卒復人俘,又搏于共"
京,京唐北城金,京,"十月,用玁 放𬌐 ,伐京師,告追于王,命武遣乃元士,羞追于京師,公命多友率公車,羞追于師,癸未,戎伐,衣孚,多友西追,甲申之辰,搏,多友有折首執訊,以公車折首二百又□又五,執訊廿又三人,俘戎車百一十又七乘,卒復人俘,又搏于共"
于,于於伐在之,于,"十月,用玁 放𬌐 ,伐京師,告追于王,命武遣乃元士,羞追于京師,公命多友率公車,羞追于師,癸未,戎伐,衣孚,多友西追,甲申之辰,搏,多友有折首執訊,以公車折首二百又□又五,執訊廿又三人,俘戎車百一十又七乘,卒復人俘,又搏于共"
人,乘人名匹兵,乘,"十月,用玁 放𬌐 ,伐京師,告追于王,命武遣乃元士,羞追于京師,公命多友率公車,羞追于師,癸未,戎伐,衣孚,多友西追,甲申之辰,搏,多友有折首執訊,以公車折首二百又□又五,執訊廿又三人,俘戎車百一十又七乘,卒復人俘,又搏于共"
孫,孫孙子祖后,孫,"鄀 于子又自作旅,子子孫永用。"
伯,伯公父子恩,伯,"拜𩒨 首,休朕寶君公伯,賜厥臣弟井五㮛 ,賜 冑、干戈,弗敢望公休,對揚伯休。"
曰,曰公說君子,曰,"王正月,初吉丁亥,呂:余畢公之孫、呂伯之子,余頡事君,余狩武,爲余鐘,玄鋁,大鐘八,其四堵,矯矯其龍,伸暢虡 ,大鐘既懸,玉鼓,余不敢爲驕,我以享孝,樂我先祖,以祈眉壽,世子孫,永以爲寶。"
作,我名作自故,我,"王正月,初吉丁亥,呂:余畢公之孫、呂伯之子,余頡事君,余狩武,爲余鐘,玄鋁,大鐘八,其四堵,矯矯其龍,伸暢虡 ,大鐘既懸,玉鼓,余不敢爲驕,我以享孝,樂我先祖,以祈眉壽,世子孫,永以爲寶。"
世,世人代後子,世,"王正月,初吉丁亥,呂:余畢公之孫、呂伯之子,余頡事君,余狩武,爲余鐘,玄鋁,大鐘八,其四堵,矯矯其龍,伸暢虡 ,大鐘既懸,玉鼓,余不敢爲驕,我以享孝,樂我先祖,以祈眉壽,世子孫,永以爲寶。"
西,天東武廈西,天,"王曰:,丕顯文、武受命,則乃祖奠周邦,今余命汝官邑人,先虎臣後庸:門夷、秦夷、京夷、夷、師、側薪、華夷、弁夷、人、成周走亞、戌、秦人、降人、服夷,賜汝衣純、緇 、衡、琱 、厚、彤蘇、鑾、鋚 勒,用事,𩒨 ,對揚天"
之,相之得大同,相,"王正月,初吉乙巳,□朱之孫□亘□喪,王欲復師,擇吉金,自作龢鐘,以樂客,誌勞諸侯,往矣,之客,酓酓 孔協,萬世,無疾自下,允位,同汝利,台孫皆永寶。"
牡,牡女男馬龍,牡,"伐陸,睪其王,𬟰 方相乘牡,釗不□其王乘,與以□師。"
其,其故只即善,其,"用追孝于其皇考,用易眉、黃耇 、霝 冬,其萬,子子孫孫,永寶用享。"
年,年歲代壽世,年,"用追孝于其皇考,用易眉、黃耇 、霝 冬,其萬,子子孫孫,永寶用享。"
天,天子上父帝,天,"王曰:父,丕顯文武,皇引厭厥德配我有周,膺受大,率懷不廷方,亡不覲于武耿光,唯天壯集厥命,唯先正厥辟,爵堇大命,肆皇天亡斁 ,臨保我有周,丕鞏先王配命,旻天疾威,司余小子弗彶 ,邦將曷 吉,四方,大縱不靖,乎,余小子,湛于艱,永鞏先王"
命,命權任義寵,命,"王曰:父,丕顯文武,皇引厭厥德配我有周,膺受大,率懷不廷方,亡不覲于武耿光,唯天壯集厥命,唯先正厥辟,爵堇大命,肆皇天亡斁 ,臨保我有周,丕鞏先王配命,旻天疾威,司余小子弗彶 ,邦將曷 吉,四方,大縱不靖,乎,余小子,湛于艱,永鞏先王"
文,文聖威君大,文,"王曰:父,丕顯文武,皇引厭厥德配我有周,膺受大,率懷不廷方,亡不覲于武耿光,唯天壯集厥命,唯先正厥辟,爵堇大命,肆皇天亡斁 ,臨保我有周,丕鞏先王配命,旻天疾威,司余小子弗彶 ,邦將曷 吉,四方,大縱不靖,乎,余小子,湛于艱,永鞏先王"
月,年人子月兵,年,"王于伐楚,伯在炎,唯九,既死霸丁丑,作册夨 尊宜于王姜,姜賞令貝十、臣十家、鬲 百人。"
曰,曰道說言爺,曰,"王:恒,令汝更喬克直鄙,賜女鑾旂,用事,夙夕勿 朕令。"
賜,命賜奉使令,命,"二年正月初吉,王在周卲 ,丁亥,王各于宣榭,毛入門,立中廷,佑祝𨝍 ,王乎內史册命𨝍 ,王曰:昔先王既命汝作邑,纘 邑祝,今余唯申就乃命,汝赤、衡、鑾旂,用,𨝍 拜手𩒨 首,敢對天子休命,𨝍 用作朕皇龏 伯尊𣪕 ,𨝍 其眉,萬年無"
即,即繼之上就,即,"即酋厥故,□伯□□,鬼以新□從,咸,酋于□,王乎伯令盂以聝 入門,獻西旅,□□燎周廟,盂以□入三門,立中廷,北嚮,盂告伯位,伯□□□□于明伯,繼伯,□伯,告咸,盂與侯侯、甸、男□□從盂,既咸,賓即位、贊賓,乎贊盂,"
諸,諸王公魏襄,諸,"即酋厥故,□伯□□,鬼以新□從,咸,酋于□,王乎伯令盂以聝 入門,獻西旅,□□燎周廟,盂以□入三門,立中廷,北嚮,盂告伯位,伯□□□□于明伯,繼伯,□伯,告咸,盂與侯侯、甸、男□□從盂,既咸,賓即位、贊賓,乎贊盂,"
王,王咸賓郭魏,王,"即酋厥故,□伯□□,鬼以新□從,咸,酋于□,王乎伯令盂以聝 入門,獻西旅,□□燎周廟,盂以□入三門,立中廷,北嚮,盂告伯位,伯□□□□于明伯,繼伯,□伯,告咸,盂與侯侯、甸、男□□從盂,既咸,賓即位、贊賓,乎贊盂,"
命,之府為出命,之,"王冊尹,賜赤、幽衡、鋚 勒。"
亥,亥酉巳月王,亥,"辛,王在寢,賞寢敄 □貝朋,用作祖癸寶尊。"
昔,今昔後此時,今,"唯十四年中山王作鼎,于銘曰:乎,語不廢哉,寡人聞之,與其溺於人也,寧溺於淵,昔者,燕君子噲 叡夫,長為人主,閈 於天下之矣,猶迷惑於子之而亡其邦,為天下戮,而況在於少君乎,者,吾先考成王,早棄群,寡人幼童,未通智,唯姆是從,天降休命于朕邦,有厥忠"
臣,人臣衆雄子,人,"唯十四年中山王作鼎,于銘曰:乎,語不廢哉,寡人聞之,與其溺於人也,寧溺於淵,昔者,燕君子噲 叡夫,長為人主,閈 於天下之矣,猶迷惑於子之而亡其邦,為天下戮,而況在於少君乎,者,吾先考成王,早棄群,寡人幼童,未通智,唯姆是從,天降休命于朕邦,有厥忠"
貳,壹貳一叁二,壹,"唯五年正月己丑,琱 甥有事,來合事,余獻氏以壺,曰:以君氏令曰,余老止,僕庸土田多,弋伯氏許,公宕其,汝則宕其,公宕其貳,汝則宕其一,余惠于君氏大璋,報氏束、璜,召伯虎曰:余既,我考我母令,余弗敢,余或致我考我母令,琱 甥則覲"
孫,孫代孙嗣長,孫,"唯伯文自作寶,用賜眉壽、黃耇 ,其萬年,子子孫。"
伐,征伐攻告封,征,"唯月,用玁 放𬌐 ,廣京師,告追于王,命武公乃元士,羞追于京師,武命多友率公車,羞追于京,癸未,戎伐,衣孚,友西追,甲申之辰,搏于,多友有折首執訊,凡公車折首二百又□又五人,執訊廿又三人,俘戎車百乘十又七乘,卒復人俘,搏于共"
公,公帝侯子也,公,"唯月,用玁 放𬌐 ,廣京師,告追于王,命武公乃元士,羞追于京師,武命多友率公車,羞追于京,癸未,戎伐,衣孚,友西追,甲申之辰,搏于,多友有折首執訊,凡公車折首二百又□又五人,執訊廿又三人,俘戎車百乘十又七乘,卒復人俘,搏于共"
師,師中山城關,師,"唯月,用玁 放𬌐 ,廣京師,告追于王,命武公乃元士,羞追于京師,武命多友率公車,羞追于京,癸未,戎伐,衣孚,友西追,甲申之辰,搏于,多友有折首執訊,凡公車折首二百又□又五人,執訊廿又三人,俘戎車百乘十又七乘,卒復人俘,搏于共"
多,多三率同六,多,"唯月,用玁 放𬌐 ,廣京師,告追于王,命武公乃元士,羞追于京師,武命多友率公車,羞追于京,癸未,戎伐,衣孚,友西追,甲申之辰,搏于,多友有折首執訊,凡公車折首二百又□又五人,執訊廿又三人,俘戎車百乘十又七乘,卒復人俘,搏于共"
又,又以皆共不,又,"唯月,用玁 放𬌐 ,廣京師,告追于王,命武公乃元士,羞追于京師,武命多友率公車,羞追于京,癸未,戎伐,衣孚,友西追,甲申之辰,搏于,多友有折首執訊,凡公車折首二百又□又五人,執訊廿又三人,俘戎車百乘十又七乘,卒復人俘,搏于共"
孫,孫代之子孙,孫,"鄀 子又自作旅,子子孫永用。"
賜,以助我賜臣,以,"𩒨 首,休朕寶君公伯,厥臣弟井五㮛 ,賜𧙧 冑、干戈,弗敢望公伯,對揚伯休。"
休,公好休子命,公,"𩒨 首,休朕寶君公伯,厥臣弟井五㮛 ,賜𧙧 冑、干戈,弗敢望公伯,對揚伯休。"
王,之其我王君,之,"唯十又九年,王曰:者,亦虔秉丕經德,以克總光,於之學,𧻚𧻚 哉,弼,往捍庶盟,以祇光朕,今余其念乃有齋休祝,烈壯用爯 ,光之於肆,汝其用茲,綏安乃壽,思康樂,勿有不義,之於啻,唯王命,元,乃德,子孫永保。"
不,不無之我君,不,"唯十又九年,王曰:者,亦虔秉丕經德,以克總光,於之學,𧻚𧻚 哉,弼,往捍庶盟,以祇光朕,今余其念乃有齋休祝,烈壯用爯 ,光之於肆,汝其用茲,綏安乃壽,思康樂,勿有不義,之於啻,唯王命,元,乃德,子孫永保。"
余,余餘呂吳是,余,"唯正月,初吉丁亥,呂曰:余畢公之孫、呂伯之子,頡事君,余狩武,作余鐘,玄鋁,大鐘八肆,其四堵,矯矯其龍,既暢虡 ,大鐘既懸,玉,余不敢爲驕,我以享孝,我先祖,以祈眉壽,世世孫,永以爲寶。"
子,孫子祖人我,孫,"唯正月,初吉丁亥,呂曰:余畢公之孫、呂伯之子,頡事君,余狩武,作余鐘,玄鋁,大鐘八肆,其四堵,矯矯其龍,既暢虡 ,大鐘既懸,玉,余不敢爲驕,我以享孝,我先祖,以祈眉壽,世世孫,永以爲寶。"
夷,夷人王子氏,夷,"王若:,丕顯文、武受命,乃祖奠周邦,今余命汝嫡邑人,先虎臣後庸:西夷、秦夷、京夷、夷、、側薪、華夷、弁、人、成周走亞、戌、人、降人、服夷,賜汝玄純、緇 、衡、戈 、厚、彤蘇、鑾旂、鋚 勒,用事,𩒨 首,對揚天"
之,子之御皇公,子,"唯正月,初吉乙巳,□朱勾孫□亘□喪,王欲復師,吉金,自作龢鐘,以樂賓,誌勞諸侯,往矣,余客,酓酓 孔協,萬世後,無疾自下,允位,同汝之,台孫皆永寶。"
客,客眾衆民來,客,"唯正月,初吉乙巳,□朱勾孫□亘□喪,王欲復師,吉金,自作龢鐘,以樂賓,誌勞諸侯,往矣,余客,酓酓 孔協,萬世後,無疾自下,允位,同汝之,台孫皆永寶。"
之,世之生未有,世,"唯正月,初吉乙巳,□朱勾孫□亘□喪,王欲復師,吉金,自作龢鐘,以樂賓,誌勞諸侯,往矣,余客,酓酓 孔協,萬世後,無疾自下,允位,同汝之,台孫皆永寶。"
武,武王人帝公,武,"王若:父,丕顯文武,皇天厭厥德配我有周,膺受大命,率懷不廷方,亡不覲于文耿光,唯天壯集厥命,亦先正厥辟,爵堇大命,皇天亡斁 ,臨保我有周,鞏先王配命,旻天疾威,余小子弗彶 ,邦將曷 ,四方,大縱不靖,烏,余小子,湛于艱,鞏先王"
元,那元此二同,那,"唯年六月,既望甲戌,王在,𢓜 于大室,井白入師虎,即立中廷,北嚮,乎內史吳曰:册命虎。"
五,九十七五八,九,"唯月初吉,王在周,令作冊內賜免鹵百,免蔑靜女王休,用作盤盉 ,其萬年寶用。"
入,入上臨之登,入,"唯年正月初吉,王在周卲 宮,丁亥,王各于宣榭,毛伯門,立中廷,佑祝𨝍 ,乎內史册命𨝍 ,王曰:先王既命汝作邑,纘 五祝,今余唯申就乃命,賜赤、衡、鑾旂,用事,𨝍 拜手𩒨 首,敢對揚子休命,𨝍 用作朕皇考 伯尊𣪕 ,𨝍 其眉壽,萬年無"
汝,汝以君他你,汝,"唯年正月初吉,王在周卲 宮,丁亥,王各于宣榭,毛伯門,立中廷,佑祝𨝍 ,乎內史册命𨝍 ,王曰:先王既命汝作邑,纘 五祝,今余唯申就乃命,賜赤、衡、鑾旂,用事,𨝍 拜手𩒨 首,敢對揚子休命,𨝍 用作朕皇考 伯尊𣪕 ,𨝍 其眉壽,萬年無"
位,位王宮公官,位,"榮酋厥故,□伯□□鬼,鬼以新□從,咸,折于□,王乎伯令盂以人 入門,獻西旅,□□入周廟,盂以□入三門,即中廷,北嚮,盂告伯即,伯□□□□于明伯,伯,□伯,告咸,盂與諸侯、甸、男□□從盂征,既咸,賓即位、贊賓,王贊盂,"
侯,侯王公位大,侯,"榮酋厥故,□伯□□鬼,鬼以新□從,咸,折于□,王乎伯令盂以人 入門,獻西旅,□□入周廟,盂以□入三門,即中廷,北嚮,盂告伯即,伯□□□□于明伯,伯,□伯,告咸,盂與諸侯、甸、男□□從盂征,既咸,賓即位、贊賓,王贊盂,"
乎,乎亦也又公,乎,"榮酋厥故,□伯□□鬼,鬼以新□從,咸,折于□,王乎伯令盂以人 入門,獻西旅,□□入周廟,盂以□入三門,即中廷,北嚮,盂告伯即,伯□□□□于明伯,伯,□伯,告咸,盂與諸侯、甸、男□□從盂征,既咸,賓即位、贊賓,王贊盂,"
三,三九六四一,三,"唯五年月,既死霸庚寅,王初格玁 于𫊣 。"
年,年代歲世朝,年,"唯十四中山王作鼎,于銘曰:烏,語不廢哉,寡人聞之,其溺於人也,寧溺於淵,者,燕君子噲 叡夫悟,長為人主,閈 於天下之物,猶迷惑於子之而亡其邦,天下戮,而況在於少君乎,昔,吾先考成王,早棄群臣,寡人幼童,未通智,唯傅是從,天降休命于朕邦,厥忠"
為,於為令以至,於,"唯十四中山王作鼎,于銘曰:烏,語不廢哉,寡人聞之,其溺於人也,寧溺於淵,者,燕君子噲 叡夫悟,長為人主,閈 於天下之物,猶迷惑於子之而亡其邦,天下戮,而況在於少君乎,昔,吾先考成王,早棄群臣,寡人幼童,未通智,唯傅是從,天降休命于朕邦,厥忠"
曰,曰言說道之,曰,"唯五年月己丑,琱 甥有事,召合事,余獻氏以壺,告:以君氏令曰,余老止公,僕庸土田多,弋伯氏從,公宕其,汝則宕其貳,公宕其貳,汝則宕其一,惠于君氏大璋,報氏帛、璜,召伯虎曰:余既訊,我考我母令,余弗敢亂,余或致我考我母令,琱 則覲"
甥,君甥子妃公,君,"唯五年月己丑,琱 甥有事,召合事,余獻氏以壺,告:以君氏令曰,余老止公,僕庸土田多,弋伯氏從,公宕其,汝則宕其貳,公宕其貳,汝則宕其一,惠于君氏大璋,報氏帛、璜,召伯虎曰:余既訊,我考我母令,余弗敢亂,余或致我考我母令,琱 則覲"
子,子王皇諸對,子,"唯王又四祀,唯五月既戊午,在京,禘 於昭王,鮮,祼王𬔧 ,祼玉三品,貝廿朋,對王休,用作,孫其永寶。"
月,月日年辰節,月,"唯十,用玁 放𬌐 ,廣伐師,告追于王,命武公遣元士,羞追于京師,武公多友率公車,羞追于京師,癸未,戎伐,衣孚,多西追,甲申之辰,搏于,多友有折首執訊,凡以車折首二百又□又五人,訊廿又三人,俘戎車百乘一又七乘,卒復人俘,又于共"
京,京唐北宗遼,京,"唯十,用玁 放𬌐 ,廣伐師,告追于王,命武公遣元士,羞追于京師,武公多友率公車,羞追于京師,癸未,戎伐,衣孚,多西追,甲申之辰,搏于,多友有折首執訊,凡以車折首二百又□又五人,訊廿又三人,俘戎車百乘一又七乘,卒復人俘,又于共"
友,友人以兵軍,友,"唯十,用玁 放𬌐 ,廣伐師,告追于王,命武公遣元士,羞追于京師,武公多友率公車,羞追于京師,癸未,戎伐,衣孚,多西追,甲申之辰,搏于,多友有折首執訊,凡以車折首二百又□又五人,訊廿又三人,俘戎車百乘一又七乘,卒復人俘,又于共"
公,公戎軍兵馬,公,"唯十,用玁 放𬌐 ,廣伐師,告追于王,命武公遣元士,羞追于京師,武公多友率公車,羞追于京師,癸未,戎伐,衣孚,多西追,甲申之辰,搏于,多友有折首執訊,凡以車折首二百又□又五人,訊廿又三人,俘戎車百乘一又七乘,卒復人俘,又于共"
執,執斬無受追,執,"唯十,用玁 放𬌐 ,廣伐師,告追于王,命武公遣元士,羞追于京師,武公多友率公車,羞追于京師,癸未,戎伐,衣孚,多西追,甲申之辰,搏于,多友有折首執訊,凡以車折首二百又□又五人,訊廿又三人,俘戎車百乘一又七乘,卒復人俘,又于共"
十,二十〇百七,二,"唯十,用玁 放𬌐 ,廣伐師,告追于王,命武公遣元士,羞追于京師,武公多友率公車,羞追于京師,癸未,戎伐,衣孚,多西追,甲申之辰,搏于,多友有折首執訊,凡以車折首二百又□又五人,訊廿又三人,俘戎車百乘一又七乘,卒復人俘,又于共"
以,不以並我而,不,"余嚴之命,入城不賡,侍春稔,吉日初庚,吳王光𬨤 穆贈舒金,青鋁尃 皇,作持。"
子,子君嗣我其,子,"唯越又九年,王曰:者,汝虔秉丕經德,以克總光,之學,𧻚𧻚 哉,弼王,往捍庶盟,以祇光朕位,今余其念乃有齋休祝成,烈壯用爯 ,光之於肆,其用茲,綏安乃壽,思逸樂,勿有不義,之於不,唯王命,元,乃德,孫永保。"
月,月年日歲九,月,"唯九,初吉庚申,曾子邍 彝孟姬鑄媵 。"
二,六三二十四,六,"唯四年月,既生霸戊戌,王在周彔 宮,各大室,即位,共佑,王乎史册賜、鞹 、鋚 勒,敢對天子休,用作文考寶𣪕 ,其萬年,子子孫孫其永,木羊册。"
余,余我餘是爲,余,"唯王月,初吉丁亥,呂曰:畢公之孫、呂伯之子,余事君,余狩武,作爲鐘,玄鋁,大鐘八肆,四堵,矯矯其龍,既伸虡 ,大鐘既懸,玉鼓,余不敢爲驕,我以享孝,樂先祖,以祈眉壽,世世子,永以爲寶。"
孫,孫嗣子孙宗,孫,"唯王月,初吉丁亥,呂曰:畢公之孫、呂伯之子,余事君,余狩武,作爲鐘,玄鋁,大鐘八肆,四堵,矯矯其龍,既伸虡 ,大鐘既懸,玉鼓,余不敢爲驕,我以享孝,樂先祖,以祈眉壽,世世子,永以爲寶。"
夷,夷人王帝公,夷,"王若曰:,丕顯文、武受命,則祖奠周邦,今余命汝嫡官邑人,先虎臣後庸:西門、秦夷、京夷、夷、師、側薪、華夷、弁夷、人、成周走亞、戌、秦、降人、服夷,賜汝玄衣純、緇 、衡、戈琱 、厚、彤蘇、鑾旂、 勒,用事,𩒨 首,揚天"
人,夷人王海帝,夷,"王若曰:,丕顯文、武受命,則祖奠周邦,今余命汝嫡官邑人,先虎臣後庸:西門、秦夷、京夷、夷、師、側薪、華夷、弁夷、人、成周走亞、戌、秦、降人、服夷,賜汝玄衣純、緇 、衡、戈琱 、厚、彤蘇、鑾旂、 勒,用事,𩒨 首,揚天"
無,無不自殘有,無,"唯王月,初吉乙巳,□朱勾之□亘□喪,王欲復師,擇金,自作龢鐘,以樂賓客,誌勞諸侯,往矣,余之,酓酓 孔協,萬世後,疾自下,允位,同汝之利,台孫皆永寶。"
月,年月巳亥曰,年,"唯正己亥,和肇作皇母懿龏 姬彝。"
子,子祖嗣老千,子,"其用孝于其皇考,用易眉壽、耇 、霝 冬,其萬年,子孫孫,永寶用享。"
文,考查文中史,考,"繁拜𩒨 首,對揚公休,用作考辛公寶𱀵 彝,其萬年。"
一,兩一三二四,兩,"矩或赤琥兩、韍 兩、賁,裁廿朋,其捨田三田。"
年,年元朝曆帝,年,"唯元六月,既望甲戌,王在杜,𢓜 于大室,井白入佑虎,即立中廷,北嚮,王內史吳曰:册命虎。"
年,年申至月曰,年,"唯二正月初吉,王在周卲 宮,亥,王各于宣榭,毛伯入,立中廷,佑祝𨝍 ,王內史册命𨝍 ,王曰:昔王既命汝作邑,纘 五邑,今余唯申就乃命,賜汝、衡、鑾旂,用事, 拜手𩒨 首,敢對揚天休命,𨝍 用作朕皇考龏 伯尊𣪕 ,𨝍 其眉壽,年無"
萬,餘萬其此享,餘,"唯二正月初吉,王在周卲 宮,亥,王各于宣榭,毛伯入,立中廷,佑祝𨝍 ,王內史册命𨝍 ,王曰:昔王既命汝作邑,纘 五邑,今余唯申就乃命,賜汝、衡、鑾旂,用事, 拜手𩒨 首,敢對揚天休命,𨝍 用作朕皇考龏 伯尊𣪕 ,𨝍 其眉壽,年無"
月,月日世年夜,月,"唯五年三,既死霸庚寅,王初格伐 于𫊣 。"
其,不之其勿己,不,"唯十四年中山王作鼎,于銘曰:烏乎,語不廢哉,寡人聞之,與溺於人也,寧溺於淵,昔,燕君子噲 叡夫悟,為人主,閈 於天下之物矣,猶迷惑於子之而亡其邦,為天下戮,而況在於少君乎,昔者,吾先考成王,早棄群臣,人幼童,未通智,唯傅姆從,天降休命于朕邦,有忠"
者,者時之矣今,者,"唯十四年中山王作鼎,于銘曰:烏乎,語不廢哉,寡人聞之,與溺於人也,寧溺於淵,昔,燕君子噲 叡夫悟,為人主,閈 於天下之物矣,猶迷惑於子之而亡其邦,為天下戮,而況在於少君乎,昔者,吾先考成王,早棄群臣,人幼童,未通智,唯傅姆從,天降休命于朕邦,有忠"
月,月午年巳酉,月,"唯五年正己丑,琱 甥有事,召來事,余獻氏以壺,告曰:以君氏令曰,余老止公,庸土田多,弋伯氏從許,公宕其,汝則宕其貳,宕其貳,汝則宕其一,余于君氏大璋,報氏帛束、璜,召伯虎曰:余既訊,我考我母令,余弗敢亂,或致我考我母令,琱 甥覲"
公,公我君子私,公,"唯五年正己丑,琱 甥有事,召來事,余獻氏以壺,告曰:以君氏令曰,余老止公,庸土田多,弋伯氏從許,公宕其,汝則宕其貳,宕其貳,汝則宕其一,余于君氏大璋,報氏帛束、璜,召伯虎曰:余既訊,我考我母令,余弗敢亂,或致我考我母令,琱 甥覲"
余,余又不若餘,余,"唯五年正己丑,琱 甥有事,召來事,余獻氏以壺,告曰:以君氏令曰,余老止公,庸土田多,弋伯氏從許,公宕其,汝則宕其貳,宕其貳,汝則宕其一,余于君氏大璋,報氏帛束、璜,召伯虎曰:余既訊,我考我母令,余弗敢亂,或致我考我母令,琱 甥覲"
師,師中城山關,師,"唯十月,用玁 放𬌐 ,廣伐京,告追于王,命武公遣乃士,羞追于京師,武公命友率公車,羞追于京師,未,戎伐,衣孚,多友追,甲申之辰,搏于,多友有折首執訊,凡以公折首二百又□又五人,執廿又三人,俘戎車百乘一十七乘,卒復人俘,又搏共"
多,多三少大四,多,"唯十月,用玁 放𬌐 ,廣伐京,告追于王,命武公遣乃士,羞追于京師,武公命友率公車,羞追于京師,未,戎伐,衣孚,多友追,甲申之辰,搏于,多友有折首執訊,凡以公折首二百又□又五人,執廿又三人,俘戎車百乘一十七乘,卒復人俘,又搏共"
車,車兵车友士,車,"唯十月,用玁 放𬌐 ,廣伐京,告追于王,命武公遣乃士,羞追于京師,武公命友率公車,羞追于京師,未,戎伐,衣孚,多友追,甲申之辰,搏于,多友有折首執訊,凡以公折首二百又□又五人,執廿又三人,俘戎車百乘一十七乘,卒復人俘,又搏共"
訊,訊讯令官警,訊,"唯十月,用玁 放𬌐 ,廣伐京,告追于王,命武公遣乃士,羞追于京師,武公命友率公車,羞追于京師,未,戎伐,衣孚,多友追,甲申之辰,搏于,多友有折首執訊,凡以公折首二百又□又五人,執廿又三人,俘戎車百乘一十七乘,卒復人俘,又搏共"
又,又二六八四,又,"唯十月,用玁 放𬌐 ,廣伐京,告追于王,命武公遣乃士,羞追于京師,武公命友率公車,羞追于京師,未,戎伐,衣孚,多友追,甲申之辰,搏于,多友有折首執訊,凡以公折首二百又□又五人,執廿又三人,俘戎車百乘一十七乘,卒復人俘,又搏共"
于,于於與之在,于,"唯十月,用玁 放𬌐 ,廣伐京,告追于王,命武公遣乃士,羞追于京師,武公命友率公車,羞追于京師,未,戎伐,衣孚,多友追,甲申之辰,搏于,多友有折首執訊,凡以公折首二百又□又五人,執廿又三人,俘戎車百乘一十七乘,卒復人俘,又搏共"
之,奉受之應聽,奉,"余嚴天命,入城不賡,侍春稔歲,吉日初庚,吳王光𬨤 之贈舒金,青鋁尃 皇,以持。"
臣,子臣君我大,子,"拜𩒨 首,休朕寶君公伯,賜厥弟井五㮛 ,賜𧙧 冑、干戈,弗敢望公伯休,揚伯休。"
今,不若而我今,不,"唯越十九年,王曰:者,汝亦秉丕經德,以克總光,於學,𧻚𧻚 哉,弼王,往捍庶盟,以祇光朕位,余其念乃有齋休祝成,壯用爯 ,光之於肆,汝用茲,綏安乃壽,思逸康,勿有不義,之於不啻,唯王命,元,乃德,子永保。"
樂,樂康德泰生,樂,"唯越十九年,王曰:者,汝亦秉丕經德,以克總光,於學,𧻚𧻚 哉,弼王,往捍庶盟,以祇光朕位,余其念乃有齋休祝成,壯用爯 ,光之於肆,汝用茲,綏安乃壽,思逸康,勿有不義,之於不啻,唯王命,元,乃德,子永保。"
孫,嗣孫君之以,嗣,"唯越十九年,王曰:者,汝亦秉丕經德,以克總光,於學,𧻚𧻚 哉,弼王,往捍庶盟,以祇光朕位,余其念乃有齋休祝成,壯用爯 ,光之於肆,汝用茲,綏安乃壽,思逸康,勿有不義,之於不啻,唯王命,元,乃德,子永保。"
月,月年日旬歲,月,"唯四年二,既生霸戊戌,王在周師 宮,各大室,即位,馬佑,王乎史册賜靳、鞹 、鋚 勒,敢對揚子休,用作文考寶𣪕 ,其萬年,子子孫孫其永寶,木羊册。"
月,年元月時熙,年,"唯王正,初吉丁亥,呂曰:余公之孫、呂伯之子,余頡事君,余狩武,作爲余,玄鋁,大鐘八肆,其四堵,矯矯其龍,既伸暢 ,大鐘既懸,玉鼓,不敢爲驕,我以享孝,樂我祖,以祈眉壽,世世子孫,永以爲寶。"
鐘,侯家頡公鐘,侯,"唯王正,初吉丁亥,呂曰:余公之孫、呂伯之子,余頡事君,余狩武,作爲余,玄鋁,大鐘八肆,其四堵,矯矯其龍,既伸暢 ,大鐘既懸,玉鼓,不敢爲驕,我以享孝,樂我祖,以祈眉壽,世世子孫,永以爲寶。"
先,宗先父為老,宗,"唯王正,初吉丁亥,呂曰:余公之孫、呂伯之子,余頡事君,余狩武,作爲余,玄鋁,大鐘八肆,其四堵,矯矯其龍,既伸暢 ,大鐘既懸,玉鼓,不敢爲驕,我以享孝,樂我祖,以祈眉壽,世世子孫,永以爲寶。"
子,子兒三公生,子,"叔角父朕皇考宄 公尊𣪕 ,其子孫孫永寶用,。"
乘,乘之為成上,乘,"庚伐陸,睪其王,𬟰 方綾相牡,釗不□其王乘牡,與□師。"
己,己辛十乙癸,己,"唯正月亥,和肇作皇母懿龏 孟彝。"
子,子兒嗣女老,子,"其用追于其皇考,用易眉壽、黃 、霝 冬,其萬年,子孫孫,永寶用享。"
天,不天之未王,不,"王若曰:,丕顯文武,皇天引厭德配我有周,膺受大命,率不廷方,亡不覲于文武耿,唯天壯集厥命,亦唯先厥辟,爵堇大命,肆皇亡斁 ,臨保我有周,丕鞏王配命,旻天疾威,司余子弗彶 ,邦將曷 吉,四方,大縱不靖,烏乎,余小子,湛于艱,永鞏王"
小,小老君大之,小,"王若曰:,丕顯文武,皇天引厭德配我有周,膺受大命,率不廷方,亡不覲于文武耿,唯天壯集厥命,亦唯先厥辟,爵堇大命,肆皇亡斁 ,臨保我有周,丕鞏王配命,旻天疾威,司余子弗彶 ,邦將曷 吉,四方,大縱不靖,烏乎,余小子,湛于艱,永鞏王"
十,十百三七六,十,"唯王于楚,伯在炎,唯九月,既霸丁丑,作册夨 令尊宜王姜,姜賞令貝十朋、臣家、鬲 百人。"
六,十六三八二,十,"唯元年月,既望甲戌,王在杜,𢓜 于大室,井白入佑師,即立中廷,北嚮,王乎史吳曰:册命虎。"
作,作為於石一,作,"唯五月初,王在周,令作冊內史賜鹵百,免蔑靜女王休,用盤盉 ,其萬年寶用。"
正,十正六三二,十,"唯二年月初吉,王在周卲 宮,丁,王各于宣榭,毛伯入門,立中廷,佑祝𨝍 ,王乎史册命𨝍 ,王曰:昔先既命汝作邑,纘 五邑祝,今余唯申就乃命,賜汝赤、衡、鑾旂,用事,𨝍 拜手𩒨 首,敢對揚天子命,𨝍 用作朕皇考龏 尊𣪕 ,𨝍 其眉壽,萬無"
亥,年月酉亥巳,年,"唯二年月初吉,王在周卲 宮,丁,王各于宣榭,毛伯入門,立中廷,佑祝𨝍 ,王乎史册命𨝍 ,王曰:昔先既命汝作邑,纘 五邑祝,今余唯申就乃命,賜汝赤、衡、鑾旂,用事,𨝍 拜手𩒨 首,敢對揚天子命,𨝍 用作朕皇考龏 尊𣪕 ,𨝍 其眉壽,萬無"
王,皇帝祖天王,皇,"唯二年月初吉,王在周卲 宮,丁,王各于宣榭,毛伯入門,立中廷,佑祝𨝍 ,王乎史册命𨝍 ,王曰:昔先既命汝作邑,纘 五邑祝,今余唯申就乃命,賜汝赤、衡、鑾旂,用事,𨝍 拜手𩒨 首,敢對揚天子命,𨝍 用作朕皇考龏 尊𣪕 ,𨝍 其眉壽,萬無"
年,年世歲壽事,年,"唯二年月初吉,王在周卲 宮,丁,王各于宣榭,毛伯入門,立中廷,佑祝𨝍 ,王乎史册命𨝍 ,王曰:昔先既命汝作邑,纘 五邑祝,今余唯申就乃命,賜汝赤、衡、鑾旂,用事,𨝍 拜手𩒨 首,敢對揚天子命,𨝍 用作朕皇考龏 尊𣪕 ,𨝍 其眉壽,萬無"
入,四六八兩入,四,"榮即酋厥故,□伯□□鬼,以新□從,咸,折酋于□,王乎伯令盂以人聝 門,獻西旅,□□入燎周,盂以□入三門,即立中,北嚮,盂告伯即位,伯□□□□于明伯,繼伯,□伯,告咸,盂與諸侯、甸、男□□從盂征,既,賓即位、贊賓,王乎贊,"
王,以王之胤公,以,"唯十四年中山作鼎,于銘曰:烏乎,不廢哉,寡人聞之,與其於人也,寧溺於淵,昔者,燕君子噲 叡夫悟,長人主,閈 於天下之物矣,迷惑於子之而亡其邦,為天下,而況在於少君乎,昔者,先考成王,早棄群臣,寡幼童,未通智,唯傅姆是,天降休命于朕邦,有厥"
溺,溺死亡流廢,溺,"唯十四年中山作鼎,于銘曰:烏乎,不廢哉,寡人聞之,與其於人也,寧溺於淵,昔者,燕君子噲 叡夫悟,長人主,閈 於天下之物矣,迷惑於子之而亡其邦,為天下,而況在於少君乎,昔者,先考成王,早棄群臣,寡幼童,未通智,唯傅姆是,天降休命于朕邦,有厥"
為,為任於君之,為,"唯十四年中山作鼎,于銘曰:烏乎,不廢哉,寡人聞之,與其於人也,寧溺於淵,昔者,燕君子噲 叡夫悟,長人主,閈 於天下之物矣,迷惑於子之而亡其邦,為天下,而況在於少君乎,昔者,先考成王,早棄群臣,寡幼童,未通智,唯傅姆是,天降休命于朕邦,有厥"
吾,我曾他吾未,我,"唯十四年中山作鼎,于銘曰:烏乎,不廢哉,寡人聞之,與其於人也,寧溺於淵,昔者,燕君子噲 叡夫悟,長人主,閈 於天下之物矣,迷惑於子之而亡其邦,為天下,而況在於少君乎,昔者,先考成王,早棄群臣,寡幼童,未通智,唯傅姆是,天降休命于朕邦,有厥"
事,議事會問告,議,"唯五年正月丑,琱 甥有事,召來合,余獻氏以壺,告曰:君氏令曰,余老止公,僕土田多,弋伯氏從許,宕其,汝則宕其貳,公其貳,汝則宕其一,余惠君氏大璋,報氏帛束、,召伯虎曰:余既訊,考我母令,余弗敢亂,余致我考我母令,琱 甥則"
公,公我子君私,公,"唯五年正月丑,琱 甥有事,召來合,余獻氏以壺,告曰:君氏令曰,余老止公,僕土田多,弋伯氏從許,宕其,汝則宕其貳,公其貳,汝則宕其一,余惠君氏大璋,報氏帛束、,召伯虎曰:余既訊,考我母令,余弗敢亂,余致我考我母令,琱 甥則"
宕,宕押則止妾,宕,"唯五年正月丑,琱 甥有事,召來合,余獻氏以壺,告曰:君氏令曰,余老止公,僕土田多,弋伯氏從許,宕其,汝則宕其貳,公其貳,汝則宕其一,余惠君氏大璋,報氏帛束、,召伯虎曰:余既訊,考我母令,余弗敢亂,余致我考我母令,琱 甥則"
我,我必不即應,我,"唯五年正月丑,琱 甥有事,召來合,余獻氏以壺,告曰:君氏令曰,余老止公,僕土田多,弋伯氏從許,宕其,汝則宕其貳,公其貳,汝則宕其一,余惠君氏大璋,報氏帛束、,召伯虎曰:余既訊,考我母令,余弗敢亂,余致我考我母令,琱 甥則"
友,友臣人夫知,友,"唯十月,玁 放𬌐 ,廣伐京師,告追于王,命武公遣乃元,羞追于京師,武公命多率公車,羞追于京師,癸,戎伐,衣孚,多友西,甲申之辰,搏于,友有折首執訊,凡以公車首二百又□又五人,執訊又三人,俘戎車百乘一十又乘,卒復人俘,又搏于"
多,多之三全大,多,"唯十月,玁 放𬌐 ,廣伐京師,告追于王,命武公遣乃元,羞追于京師,武公命多率公車,羞追于京師,癸,戎伐,衣孚,多友西,甲申之辰,搏于,友有折首執訊,凡以公車首二百又□又五人,執訊又三人,俘戎車百乘一十又乘,卒復人俘,又搏于"
折,折斬屈返為,折,"唯十月,玁 放𬌐 ,廣伐京師,告追于王,命武公遣乃元,羞追于京師,武公命多率公車,羞追于京師,癸,戎伐,衣孚,多友西,甲申之辰,搏于,友有折首執訊,凡以公車首二百又□又五人,執訊又三人,俘戎車百乘一十又乘,卒復人俘,又搏于"
九,二六三八九,二,"唯越十又年,王曰:者,汝亦虔丕經德,以克總光,於之學,𧻚𧻚 哉,弼王,捍庶盟,以祇光朕位,今其念乃有齋休祝成,烈用爯 ,光之於肆,汝其茲,綏安乃壽,思逸康樂,勿有不義,之於不啻,王命,元,乃德,子孫保。"
公,公堯武伯賢,公,"唯王正月,初吉丁亥,呂曰:余畢之孫、呂伯之子,余頡君,余狩武,作爲余鐘,玄鋁,大鐘八肆,其堵,矯矯其龍,既伸暢虡 ,大鐘既懸,玉鼓,余不敢爲驕,我以享孝,樂我先,以祈眉壽,世世子孫,以爲寶。"
祖,祖賢子母人,祖,"唯王正月,初吉丁亥,呂曰:余畢之孫、呂伯之子,余頡君,余狩武,作爲余鐘,玄鋁,大鐘八肆,其堵,矯矯其龍,既伸暢虡 ,大鐘既懸,玉鼓,余不敢爲驕,我以享孝,樂我先,以祈眉壽,世世子孫,以爲寶。"
子,孫之公其子,孫,"叔角父作皇考宄 公尊𣪕 ,其子孫孫永寶用,。"
人,夷人王公海,夷,"王若曰:,丕顯文、武受命,則乃祖周邦,今余命汝嫡官邑,先虎臣後庸:西門夷、夷、京夷、夷、師、薪、華夷、弁夷、、成周走亞、戌、秦人、人、服夷,賜汝玄衣純、緇 、衡、戈琱 、厚、彤蘇、鑾旂、鋚 ,用事,𩒨 首,對揚"
牡,牡女之人馬,牡,"庚伐陸,其王,𬟰 方綾相乘,釗不□其王乘牡,與以□師。"
孫,孫孙子祖長,孫,"其用追孝其皇考,用易眉壽、黃耇 、霝 冬,其萬年,子子孫,永寶用享。"
子,子臣兵兒軍,子,"王若曰:父,丕顯文武,皇天引厭厥配我有周,膺受大命,率懷廷方,亡不覲于文武耿光,唯天壯集厥命,亦唯先正厥辟,爵堇大命,肆皇天斁 ,臨保我有周,丕鞏先配命,旻天疾威,司余小弗彶 ,邦將曷 吉,方,大縱不靖,烏乎,小子,湛于艱,永鞏先"
余,我余君臣其,我,"王若曰:父,丕顯文武,皇天引厭厥配我有周,膺受大命,率懷廷方,亡不覲于文武耿光,唯天壯集厥命,亦唯先正厥辟,爵堇大命,肆皇天斁 ,臨保我有周,丕鞏先配命,旻天疾威,司余小弗彶 ,邦將曷 吉,方,大縱不靖,烏乎,小子,湛于艱,永鞏先"
王,王命君子權,王,"王若曰:父,丕顯文武,皇天引厭厥配我有周,膺受大命,率懷廷方,亡不覲于文武耿光,唯天壯集厥命,亦唯先正厥辟,爵堇大命,肆皇天斁 ,臨保我有周,丕鞏先配命,旻天疾威,司余小弗彶 ,邦將曷 吉,方,大縱不靖,烏乎,小子,湛于艱,永鞏先"
王,伐王生賞使,伐,"唯王于伐,伯在炎,唯九月,既死丁丑,作册夨 令尊宜于姜,姜賞令貝十朋、臣十、鬲 百人。"
月,月日旬甲夕,月,"唯元年六,既望甲戌,王在杜, 于大室,井白入佑師虎,即立中廷,北嚮,王乎內吳曰:册命虎。"
令,若求令願與,若,"王曰:恒,汝更喬克直鄙,賜女鑾,用事,夙夕勿灋 朕令。"
今,今此我汝朕,今,"唯二年正月初吉,王在周卲 宮,丁亥,王各于宣榭,毛伯入門,中廷,佑祝𨝍 ,王乎內册命𨝍 ,王曰:昔先王命汝作邑,纘 五邑祝,余唯申就乃命,賜汝赤、衡、鑾旂,用事,𨝍 手𩒨 首,敢對揚天子休,𨝍 用作朕皇考龏 伯𣪕 ,𨝍 其眉壽,萬年"
命,矣言事命行,矣,"唯二年正月初吉,王在周卲 宮,丁亥,王各于宣榭,毛伯入門,中廷,佑祝𨝍 ,王乎內册命𨝍 ,王曰:昔先王命汝作邑,纘 五邑祝,余唯申就乃命,賜汝赤、衡、鑾旂,用事,𨝍 手𩒨 首,敢對揚天子休,𨝍 用作朕皇考龏 伯𣪕 ,𨝍 其眉壽,萬年"
伯,以伯王公與,以,"榮即酋故,□伯□□鬼,鬼以新□從,咸,折酋于□,王乎伯令盂以人聝 入,獻西旅,□□入燎周廟,盂以□入三門,即立中廷,北嚮,盂告伯即位,□□□□于明伯,繼伯,□伯,告咸,盂與諸侯侯、甸、男□□從盂征,既咸,賓即位、贊賓,王乎贊盂,"
不,之不焉言無,之,"唯十四年中山王作鼎,于銘曰:烏乎,語廢哉,寡人聞之,與其溺人也,寧溺於淵,昔者,君子噲 叡夫悟,長為主,閈 於天下之物矣,猶迷惑於子之而亡其邦,為天下戮,而況在於少君乎,昔者,吾考成王,早棄群臣,寡人童,未通智,唯傅姆是從,天降休命于朕邦,有厥忠"
於,於于之其得,於,"唯十四年中山王作鼎,于銘曰:烏乎,語廢哉,寡人聞之,與其溺人也,寧溺於淵,昔者,君子噲 叡夫悟,長為主,閈 於天下之物矣,猶迷惑於子之而亡其邦,為天下戮,而況在於少君乎,昔者,吾考成王,早棄群臣,寡人童,未通智,唯傅姆是從,天降休命于朕邦,有厥忠"
幼,幼如之孩若,幼,"唯十四年中山王作鼎,于銘曰:烏乎,語廢哉,寡人聞之,與其溺人也,寧溺於淵,昔者,君子噲 叡夫悟,長為主,閈 於天下之物矣,猶迷惑於子之而亡其邦,為天下戮,而況在於少君乎,昔者,吾考成王,早棄群臣,寡人童,未通智,唯傅姆是從,天降休命于朕邦,有厥忠"
宕,宕押攬賜止,宕,"唯五年正月己,琱 甥有事,召來合事,余獻氏以壺,告曰:以氏令曰,余老止公,僕庸田多,弋伯氏從許,公其,汝則宕其貳,公宕貳,汝則宕其一,余惠于氏大璋,報氏帛束、璜,召伯虎曰:余既訊,我我母令,余弗敢亂,余或我考我母令,琱 甥則覲"
其,其之於至時,其,"唯五年正月己,琱 甥有事,召來合事,余獻氏以壺,告曰:以氏令曰,余老止公,僕庸田多,弋伯氏從許,公其,汝則宕其貳,公宕貳,汝則宕其一,余惠于氏大璋,報氏帛束、璜,召伯虎曰:余既訊,我我母令,余弗敢亂,余或我考我母令,琱 甥則覲"
考,考聽問求信,考,"唯五年正月己,琱 甥有事,召來合事,余獻氏以壺,告曰:以氏令曰,余老止公,僕庸田多,弋伯氏從許,公其,汝則宕其貳,公宕貳,汝則宕其一,余惠于氏大璋,報氏帛束、璜,召伯虎曰:余既訊,我我母令,余弗敢亂,余或我考我母令,琱 甥則覲"
友,友人臣首知,友,"唯十月,用 放𬌐 ,廣伐京師,追于王,命武公遣乃元士,羞追于京師,武公命多友公車,羞追于京師,癸未,戎伐,衣孚,多友西追,甲申之辰,搏于,多有折首執訊,凡以公車折二百又□又五人,執訊廿三人,俘戎車百乘一十又七,卒復人俘,又搏于共"
首,首兵甲起伏,首,"唯十月,用 放𬌐 ,廣伐京師,追于王,命武公遣乃元士,羞追于京師,武公命多友公車,羞追于京師,癸未,戎伐,衣孚,多友西追,甲申之辰,搏于,多有折首執訊,凡以公車折二百又□又五人,執訊廿三人,俘戎車百乘一十又七,卒復人俘,又搏于共"
又,又六乘二七,又,"唯十月,用 放𬌐 ,廣伐京師,追于王,命武公遣乃元士,羞追于京師,武公命多友公車,羞追于京師,癸未,戎伐,衣孚,多友西追,甲申之辰,搏于,多有折首執訊,凡以公車折二百又□又五人,執訊廿三人,俘戎車百乘一十又七,卒復人俘,又搏于共"
年,年日天月歲,年,"唯越十又九,王曰:者,汝亦虔秉經德,以克總光,於之,𧻚𧻚 哉,弼王,往庶盟,以祇光朕位,今余念乃有齋休祝成,烈壯爯 ,光之於肆,汝其用,綏安乃壽,思逸康樂,有不義,之於不啻,唯命,元,乃德,子孫永。"
勿,未無萬勿莫,未,"唯越十又九,王曰:者,汝亦虔秉經德,以克總光,於之,𧻚𧻚 哉,弼王,往庶盟,以祇光朕位,今余念乃有齋休祝成,烈壯爯 ,光之於肆,汝其用,綏安乃壽,思逸康樂,有不義,之於不啻,唯命,元,乃德,子孫永。"
萬,永萬餘生六,永,"唯四年二月,生霸戊戌,王在周師彔 ,各大室,即位,馬共佑,王乎史册賜靳、鞹 、鋚 勒,敢對揚天子,用作文考寶𣪕 ,其年,子子孫孫其永寶,木册。"
之,之子其的嫡,之,"唯王正月,吉丁亥,呂曰:余畢公孫、呂伯之子,余頡事,余狩武,作爲余鐘,鋁,大鐘八肆,其四,矯矯其龍,既伸暢虡 ,大鐘既懸,玉鼓,余不敢驕,我以享孝,樂我先祖,以祈眉壽,世世子孫,永爲寶。"
孫,子之孫嗣公,子,"叔角父作朕考宄 公尊𣪕 ,其子子孫永寶用,。"
夷,夷人王海公,夷,"王若曰:,顯文、武受命,則乃祖奠邦,今余命汝嫡官邑人,先虎臣後庸:西門夷、秦、京夷、夷、師、側、華夷、弁夷、人、成周走亞、戌、秦人、降、服夷,賜汝玄衣純、 、衡、戈琱 、、彤蘇、鑾旂、鋚 勒,用事,𩒨 首,對揚天"
人,夷人王公帝,夷,"王若曰:,顯文、武受命,則乃祖奠邦,今余命汝嫡官邑人,先虎臣後庸:西門夷、秦、京夷、夷、師、側、華夷、弁夷、人、成周走亞、戌、秦人、降、服夷,賜汝玄衣純、 、衡、戈琱 、、彤蘇、鑾旂、鋚 勒,用事,𩒨 首,對揚天"
其,其之他是爲,其,"庚伐陸,睪王,𬟰 方綾相乘牡,釗不□其王乘牡,與以□師。"
孫,孫孙代祖后,孫,"其用追孝于皇考,用易眉壽、黃耇 、霝 冬,其萬年,子子孫,永寶用享。"
方,方軍國朝周,方,"王若曰:父,丕顯文武,皇天引厭厥德我有周,膺受大命,率懷不方,亡不覲于文武耿光,天壯集厥命,亦唯先正辟,爵堇大命,肆皇天亡 ,臨保我有周,丕鞏先王命,旻天疾威,司余小子彶 ,邦將曷 吉,四,大縱不靖,烏乎,余子,湛于艱,永鞏先王"
小,小老大君子,小,"王若曰:父,丕顯文武,皇天引厭厥德我有周,膺受大命,率懷不方,亡不覲于文武耿光,天壯集厥命,亦唯先正辟,爵堇大命,肆皇天亡 ,臨保我有周,丕鞏先王命,旻天疾威,司余小子彶 ,邦將曷 吉,四,大縱不靖,烏乎,余子,湛于艱,永鞏先王"
兩,一三兩二五,一,"矩或取赤琥、韍 兩、賁一,裁朋,其捨田三田。"
王,王朝天眾今,王,"唯二年正月初,王在周卲 宮,丁亥,各于宣榭,毛伯入門,立廷,佑祝𨝍 ,王乎內史命𨝍 ,王曰:昔先王既汝作邑,纘 五邑祝,今唯申就乃命,賜汝赤、衡、鑾旂,用事,𨝍 拜𩒨 首,敢對揚天子休命,𨝍 用作朕皇考龏 伯尊 ,𨝍 其眉壽,萬年無"
命,賜為以命與,賜,"唯二年正月初,王在周卲 宮,丁亥,各于宣榭,毛伯入門,立廷,佑祝𨝍 ,王乎內史命𨝍 ,王曰:昔先王既汝作邑,纘 五邑祝,今唯申就乃命,賜汝赤、衡、鑾旂,用事,𨝍 拜𩒨 首,敢對揚天子休命,𨝍 用作朕皇考龏 伯尊 ,𨝍 其眉壽,萬年無"
以,與以奉于即,與,"榮即酋厥,□伯□□鬼,鬼新□從,咸,折酋于□,乎伯令盂以人聝 入門,獻西旅,□□入燎周廟,以□入三門,即立中廷,嚮,盂告伯即位,伯□□□□于明伯,繼伯,□,告咸,盂與諸侯侯、、男□□從盂征,既咸,即位、贊賓,王乎贊盂,"
王,王咸回魏故,王,"榮即酋厥,□伯□□鬼,鬼新□從,咸,折酋于□,乎伯令盂以人聝 入門,獻西旅,□□入燎周廟,以□入三門,即立中廷,嚮,盂告伯即位,伯□□□□于明伯,繼伯,□,告咸,盂與諸侯侯、、男□□從盂征,既咸,即位、贊賓,王乎贊盂,"
盂,盂又王後總,盂,"榮即酋厥,□伯□□鬼,鬼新□從,咸,折酋于□,乎伯令盂以人聝 入門,獻西旅,□□入燎周廟,以□入三門,即立中廷,嚮,盂告伯即位,伯□□□□于明伯,繼伯,□,告咸,盂與諸侯侯、、男□□從盂征,既咸,即位、贊賓,王乎贊盂,"
余,又余並後遂,又,"唯五年正月己丑,琱 甥有事,召來合事,獻氏以壺,告曰:以君令曰,余老止公,僕庸土多,弋伯氏從許,公宕,汝則宕其貳,公宕其,汝則宕其一,余惠于君大璋,報氏帛束、璜,伯虎曰:余既訊,我考母令,余弗敢亂,余或致考我母令,琱 甥則覲"
其,其之一至三,其,"唯五年正月己丑,琱 甥有事,召來合事,獻氏以壺,告曰:以君令曰,余老止公,僕庸土多,弋伯氏從許,公宕,汝則宕其貳,公宕其,汝則宕其一,余惠于君大璋,報氏帛束、璜,伯虎曰:余既訊,我考母令,余弗敢亂,余或致考我母令,琱 甥則覲"
貳,貳壹一三二,貳,"唯五年正月己丑,琱 甥有事,召來合事,獻氏以壺,告曰:以君令曰,余老止公,僕庸土多,弋伯氏從許,公宕,汝則宕其貳,公宕其,汝則宕其一,余惠于君大璋,報氏帛束、璜,伯虎曰:余既訊,我考母令,余弗敢亂,余或致考我母令,琱 甥則覲"
我,我君你其汝,我,"唯五年正月己丑,琱 甥有事,召來合事,獻氏以壺,告曰:以君令曰,余老止公,僕庸土多,弋伯氏從許,公宕,汝則宕其貳,公宕其,汝則宕其一,余惠于君大璋,報氏帛束、璜,伯虎曰:余既訊,我考母令,余弗敢亂,余或致考我母令,琱 甥則覲"
我,不我你未又,不,"唯五年正月己丑,琱 甥有事,召來合事,獻氏以壺,告曰:以君令曰,余老止公,僕庸土多,弋伯氏從許,公宕,汝則宕其貳,公宕其,汝則宕其一,余惠于君大璋,報氏帛束、璜,伯虎曰:余既訊,我考母令,余弗敢亂,余或致考我母令,琱 甥則覲"
寶,大寶之一壽,大,"唯曾伯文自作,用賜眉壽、黃耇 ,萬年,子子孫孫。"
羞,羞西北攻南,羞,"唯十月,用玁 放𬌐 ,廣伐京師,告于王,命武公遣乃元士,追于京師,武公命多友率車,羞追于京師,癸未,伐,衣孚,多友西追,申之辰,搏于,多友折首執訊,凡以公車折首百又□又五人,執訊廿又三人,俘戎車百乘一十又七乘,卒復人俘,又搏于共"
公,公戎兵舟大,公,"唯十月,用玁 放𬌐 ,廣伐京師,告于王,命武公遣乃元士,追于京師,武公命多友率車,羞追于京師,癸未,伐,衣孚,多友西追,申之辰,搏于,多友折首執訊,凡以公車折首百又□又五人,執訊廿又三人,俘戎車百乘一十又七乘,卒復人俘,又搏于共"
二,二一三六七,二,"唯十月,用玁 放𬌐 ,廣伐京師,告于王,命武公遣乃元士,追于京師,武公命多友率車,羞追于京師,癸未,伐,衣孚,多友西追,申之辰,搏于,多友折首執訊,凡以公車折首百又□又五人,執訊廿又三人,俘戎車百乘一十又七乘,卒復人俘,又搏于共"
金,年城子金州,年,"余嚴天之命,城不賡,侍春稔歲,吉日庚,吳王光𬨤 之穆贈舒,青鋁尃 皇,以作持。"
休,公休好恩樂,公,"拜𩒨 首,朕寶君公伯,賜厥臣弟五㮛 ,賜𧙧 冑、干戈,弗敢望公伯休,對揚伯。"
年,寶宝物金年,寶,"唯四年二月,既霸戊戌,王在周師彔 宮,各大室,即位,馬共佑,王乎史册賜靳、鞹 、鋚 勒,敢對揚天子休,用作文考寶𣪕 ,其萬,子子孫孫其永寶,木羊。"
孫,子孫父夫弟,子,"唯王正月,初丁亥,呂曰:余畢公之、呂伯之子,余頡事君,余狩武,作爲余鐘,玄鋁,大鐘八肆,其四堵,矯矯其龍,既伸暢虡 ,鐘既懸,玉鼓,余不敢爲,我以享孝,樂我先祖,祈眉壽,世世子孫,永以寶。"
大,大金玄其銅,大,"唯王正月,初丁亥,呂曰:余畢公之、呂伯之子,余頡事君,余狩武,作爲余鐘,玄鋁,大鐘八肆,其四堵,矯矯其龍,既伸暢虡 ,鐘既懸,玉鼓,余不敢爲,我以享孝,樂我先祖,祈眉壽,世世子孫,永以寶。"
以,以我永大祈,以,"唯王正月,初丁亥,呂曰:余畢公之、呂伯之子,余頡事君,余狩武,作爲余鐘,玄鋁,大鐘八肆,其四堵,矯矯其龍,既伸暢虡 ,鐘既懸,玉鼓,余不敢爲,我以享孝,樂我先祖,祈眉壽,世世子孫,永以寶。"
爲,爲為至成珍,爲,"唯王正月,初丁亥,呂曰:余畢公之、呂伯之子,余頡事君,余狩武,作爲余鐘,玄鋁,大鐘八肆,其四堵,矯矯其龍,既伸暢虡 ,鐘既懸,玉鼓,余不敢爲,我以享孝,樂我先祖,祈眉壽,世世子孫,永以寶。"
諸,諸王之侯皇,諸,"唯王正月,初乙巳,□朱勾之孫□亘□,王欲復師,擇吉金,自龢鐘,以樂賓客,誌勞侯,往矣,余之客,酓酓 孔協,萬世後,無疾自下,允位,同汝之利,台孫皆寶。"
王,王子女大宮,王,"庚伐陸,睪其,𬟰 方綾相乘牡,不□其王乘牡,與以□。"
命,我命位德之,我,"王若曰:父,顯文武,皇天引厭厥德配我有周,膺受大命,率懷不廷,亡不覲于文武耿光,唯壯集厥命,亦唯先正厥,爵堇大命,肆皇天亡斁 ,臨保我有周,丕鞏先王配,旻天疾威,司余小子弗 ,邦將曷 吉,四方,大縱不靖,烏乎,余小,湛于艱,永鞏先王"
子,子兒臣弟王,子,"王若曰:父,顯文武,皇天引厭厥德配我有周,膺受大命,率懷不廷,亡不覲于文武耿光,唯壯集厥命,亦唯先正厥,爵堇大命,肆皇天亡斁 ,臨保我有周,丕鞏先王配,旻天疾威,司余小子弗 ,邦將曷 吉,四方,大縱不靖,烏乎,余小,湛于艱,永鞏先王"
曰,帝氏曰王稱,帝,"唯元年六月,望甲戌,王在杜,𢓜 大室,井白入佑師虎,即中廷,北嚮,王乎內史吳:册命虎。"
汝,汝我君朕臣,汝,"唯二年正月初吉,王在周卲 宮,丁亥,王于宣榭,毛伯入門,立中,佑祝𨝍 ,王乎內史册𨝍 ,王曰:昔先王既命作邑,纘 五邑祝,今余申就乃命,賜汝赤、、鑾旂,用事,𨝍 拜手 首,敢對揚天子休命, 用作朕皇考龏 伯尊𣪕 ,𨝍 其眉壽,萬年無"
以,以人與相使,以,"榮即酋厥故,□伯□□鬼,鬼以□從,咸,折酋于□,王伯令盂以人聝 入門,西旅,□□入燎周廟,盂□入三門,即立中廷,北,盂告伯即位,伯□□□□于明伯,繼伯,□伯,告咸,盂與諸侯侯、甸、男□□從盂征,既咸,賓位、贊賓,王乎贊盂,"
即,即之上繼在,即,"榮即酋厥故,□伯□□鬼,鬼以□從,咸,折酋于□,王伯令盂以人聝 入門,西旅,□□入燎周廟,盂□入三門,即立中廷,北,盂告伯即位,伯□□□□于明伯,繼伯,□伯,告咸,盂與諸侯侯、甸、男□□從盂征,既咸,賓位、贊賓,王乎贊盂,"
子,曰王之吾子,曰,"唯十四年中山王作,于銘曰:烏乎,語不廢,寡人聞之,與其溺於人,寧溺於淵,昔者,燕君噲 叡夫悟,長為人主,閈 於天下之物矣,猶迷惑於之而亡其邦,為天下戮,而在於少君乎,昔者,吾先考王,早棄群臣,寡人幼童,未通智,唯傅姆是從,天休命于朕邦,有厥忠"
令,之告言詔令,之,"唯五年正月己丑, 甥有事,召來合事,余氏以壺,告曰:以君氏曰,余老止公,僕庸土田,弋伯氏從許,公宕其,汝則宕其貳,公宕其貳,汝則宕其一,余惠于君氏璋,報氏帛束、璜,召虎曰:余既訊,我考我令,余弗敢亂,余或致我我母令,琱 甥則覲"
母,母父公女媽,母,"唯五年正月己丑, 甥有事,召來合事,余氏以壺,告曰:以君氏曰,余老止公,僕庸土田,弋伯氏從許,公宕其,汝則宕其貳,公宕其貳,汝則宕其一,余惠于君氏璋,報氏帛束、璜,召虎曰:余既訊,我考我令,余弗敢亂,余或致我我母令,琱 甥則覲"
考,考問聽尋查,考,"唯五年正月己丑, 甥有事,召來合事,余氏以壺,告曰:以君氏曰,余老止公,僕庸土田,弋伯氏從許,公宕其,汝則宕其貳,公宕其貳,汝則宕其一,余惠于君氏璋,報氏帛束、璜,召虎曰:余既訊,我考我令,余弗敢亂,余或致我我母令,琱 甥則覲"
追,追捕殺擊逃,追,"唯十月,用玁 放𬌐 ,廣伐京師,告追王,命武公遣乃元士,羞于京師,武公命多友率公,羞追于京師,癸未,戎,衣孚,多友西追,甲之辰,搏于,多友有首執訊,凡以公車折首二又□又五人,執訊廿又三人,俘戎車百乘一十又七乘,復人俘,又搏于共"
車,車车兵軍馬,車,"唯十月,用玁 放𬌐 ,廣伐京師,告追王,命武公遣乃元士,羞于京師,武公命多友率公,羞追于京師,癸未,戎,衣孚,多友西追,甲之辰,搏于,多友有首執訊,凡以公車折首二又□又五人,執訊廿又三人,俘戎車百乘一十又七乘,復人俘,又搏于共"
折,折六百三半,折,"唯十月,用玁 放𬌐 ,廣伐京師,告追王,命武公遣乃元士,羞于京師,武公命多友率公,羞追于京師,癸未,戎,衣孚,多友西追,甲之辰,搏于,多友有首執訊,凡以公車折首二又□又五人,執訊廿又三人,俘戎車百乘一十又七乘,復人俘,又搏于共"
百,百十七〇五,百,"唯十月,用玁 放𬌐 ,廣伐京師,告追王,命武公遣乃元士,羞于京師,武公命多友率公,羞追于京師,癸未,戎,衣孚,多友西追,甲之辰,搏于,多友有首執訊,凡以公車折首二又□又五人,執訊廿又三人,俘戎車百乘一十又七乘,復人俘,又搏于共"
王,王帝皇子胤,王,"唯越十又九年,曰:者,汝亦虔秉丕經,以克總光,於之學,𧻚 哉,弼王,往捍庶,以祇光朕位,今余其念乃有齋休祝成,烈壯用爯 ,光之於肆,汝其用茲,安乃壽,思逸康樂,勿有義,之於不啻,唯王命,元,乃德,子孫永保。"
不,不大私疑非,不,"唯越十又九年,曰:者,汝亦虔秉丕經,以克總光,於之學,𧻚 哉,弼王,往捍庶,以祇光朕位,今余其念乃有齋休祝成,烈壯用爯 ,光之於肆,汝其用茲,安乃壽,思逸康樂,勿有義,之於不啻,唯王命,元,乃德,子孫永保。"
鐘,鐘梁鼓橋柱,鐘,"唯王正月,初吉亥,呂曰:余畢公之孫、呂伯之子,余頡事君,狩武,作爲余鐘,玄,大鐘八肆,其四堵,矯其龍,既伸暢虡 ,大既懸,玉鼓,余不敢爲驕,我以享孝,樂我先祖,以眉壽,世世子孫,永以爲。"
乙,辰乙癸日之,辰,"唯王正月,初吉巳,□朱勾之孫□亘□喪,王欲復師,擇吉金,自作鐘,以樂賓客,誌勞諸,往矣,余之客,酓酓 協,萬世後,無疾自下,位,同汝之利,台孫皆永。"
侯,君侯人客民,君,"唯王正月,初吉巳,□朱勾之孫□亘□喪,王欲復師,擇吉金,自作鐘,以樂賓客,誌勞諸,往矣,余之客,酓酓 協,萬世後,無疾自下,位,同汝之利,台孫皆永。"
周,周命權位朝,周,"王若曰:父,丕文武,皇天引厭厥德配我有,膺受大命,率懷不廷方,亡不覲于文武耿光,唯天集厥命,亦唯先正厥辟,爵堇大命,肆皇天亡斁 ,臨保我有周,丕鞏先王配命,旻天疾威,司余小子弗彶 ,邦將曷 吉,四方,縱不靖,烏乎,余小子,湛于艱,永鞏先王"
大,不天大軍我,不,"王若曰:父,丕文武,皇天引厭厥德配我有,膺受大命,率懷不廷方,亡不覲于文武耿光,唯天集厥命,亦唯先正厥辟,爵堇大命,肆皇天亡斁 ,臨保我有周,丕鞏先王配命,旻天疾威,司余小子弗彶 ,邦將曷 吉,四方,縱不靖,烏乎,余小子,湛于艱,永鞏先王"
白,千白重五玉,千,"宮令宰僕賜甹 金十鈞,甹 敢拜稽首。"
王,王君皇位定,王,"唯二年正月初吉,在周卲 宮,丁亥,王各宣榭,毛伯入門,立中廷,佑祝𨝍 ,王乎內史册命 ,王曰:昔先王既命汝邑,纘 五邑祝,今余唯就乃命,賜汝赤、衡、鑾旂,用事,𨝍 拜手𩒨 首,敢對揚天子休命,𨝍 用作朕皇考龏 伯尊𣪕 ,𨝍 其眉壽,萬年無"
位,位王賓相咸,位,"榮即酋厥故,□伯□□鬼,鬼以新□從,咸,折酋于□,王乎伯令盂以人聝 入門,獻旅,□□入燎周廟,盂以□入三門,即立中廷,北嚮,盂告伯即位,伯□□□□于明伯,繼伯,□伯,咸,盂與諸侯侯、甸、□□從盂征,既咸,賓即、贊賓,王乎贊盂,"
之,孫民之君嗣,孫,"唯十四年中山王作鼎,于銘曰:烏乎,語不廢哉,寡人聞之,與其溺於人也,寧溺於淵,昔者,燕君子 叡夫悟,長為人主, 於天下之物矣,猶迷惑於子而亡其邦,為天下戮,而況在於少君乎,昔者,吾先考成,早棄群臣,寡人幼童,通智,唯傅姆是從,天降命于朕邦,有厥忠"
王,者道士王帝,者,"唯十四年中山王作鼎,于銘曰:烏乎,語不廢哉,寡人聞之,與其溺於人也,寧溺於淵,昔者,燕君子 叡夫悟,長為人主, 於天下之物矣,猶迷惑於子而亡其邦,為天下戮,而況在於少君乎,昔者,吾先考成,早棄群臣,寡人幼童,通智,唯傅姆是從,天降命于朕邦,有厥忠"
未,不無未已尚,不,"唯十四年中山王作鼎,于銘曰:烏乎,語不廢哉,寡人聞之,與其溺於人也,寧溺於淵,昔者,燕君子 叡夫悟,長為人主, 於天下之物矣,猶迷惑於子而亡其邦,為天下戮,而況在於少君乎,昔者,吾先考成,早棄群臣,寡人幼童,通智,唯傅姆是從,天降命于朕邦,有厥忠"
汝,汝君我臣僕,汝,"唯五年正月己丑,琱 甥有事,召來合事,余獻氏以壺,告曰:以君氏令,余老止公,僕庸土田多,弋伯氏從許,公宕其,汝則宕其貳,公宕其貳,則宕其一,余惠于君氏大,報氏帛束、璜,召伯曰:余既訊,我考我母,余弗敢亂,余或致我考母令,琱 甥則覲"
令,令權旨府使,令,"唯五年正月己丑,琱 甥有事,召來合事,余獻氏以壺,告曰:以君氏令,余老止公,僕庸土田多,弋伯氏從許,公宕其,汝則宕其貳,公宕其貳,則宕其一,余惠于君氏大,報氏帛束、璜,召伯曰:余既訊,我考我母,余弗敢亂,余或致我考母令,琱 甥則覲"
我,我你他其汝,我,"唯五年正月己丑,琱 甥有事,召來合事,余獻氏以壺,告曰:以君氏令,余老止公,僕庸土田多,弋伯氏從許,公宕其,汝則宕其貳,公宕其貳,則宕其一,余惠于君氏大,報氏帛束、璜,召伯曰:余既訊,我考我母,余弗敢亂,余或致我考母令,琱 甥則覲"
年,壽歲代年世,壽,"唯曾伯文自作寶,用賜眉壽、黃耇 ,其萬,子子孫孫。"
王,不王日一公,不,"唯王卅又四祀,唯五月既戊午,王在京,禘 於昭王,鮮蔑,祼王𬔧 ,祼玉三品,貝廿朋,對休,用作,子孫其永寶。"
于,于於至在了,于,"唯十月,用玁 𬌐 ,廣伐京師,告追于,命武公遣乃元士,羞追京師,武公命多友率公車,羞追于京師,癸未,戎伐,衣孚,多友西追,甲申辰,搏于,多友有折執訊,凡以公車折首二百□又五人,執訊廿又三人,戎車百乘一十又七乘,卒人俘,又搏于共"
首,首兵及和甲,首,"唯十月,用玁 𬌐 ,廣伐京師,告追于,命武公遣乃元士,羞追京師,武公命多友率公車,羞追于京師,癸未,戎伐,衣孚,多友西追,甲申辰,搏于,多友有折執訊,凡以公車折首二百□又五人,執訊廿又三人,戎車百乘一十又七乘,卒人俘,又搏于共"
曰,命曰道說言,命,"唯越十又九年,王:者,汝亦虔秉丕經德,以克總光,於之學,𧻚 哉,弼王,往捍庶盟,以祇光朕位,今余其念有齋休祝成,烈壯用爯 ,光之於肆,汝其用茲,綏乃壽,思逸康樂,勿有不,之於不啻,唯王命,,乃德,子孫永保。"
安,之君靖安國,之,"唯越十又九年,王:者,汝亦虔秉丕經德,以克總光,於之學,𧻚 哉,弼王,往捍庶盟,以祇光朕位,今余其念有齋休祝成,烈壯用爯 ,光之於肆,汝其用茲,綏乃壽,思逸康樂,勿有不,之於不啻,唯王命,,乃德,子孫永保。"
戊,戊天年壬甲,戊,"唯四年二月,既生霸戌,王在周師彔 宮,各大,即位,馬共佑,王史册賜靳、鞹 、 勒,敢對揚天子休,用文考寶𣪕 ,其萬年,子孫孫其永寶,木羊册。"
子,子祖嗣君千,子,"唯四年二月,既生霸戌,王在周師彔 宮,各大,即位,馬共佑,王史册賜靳、鞹 、 勒,敢對揚天子休,用文考寶𣪕 ,其萬年,子孫孫其永寶,木羊册。"
呂,余呂餘劉畢,余,"唯王正月,初吉丁,呂曰:余畢公之孫、伯之子,余頡事君,余武,作爲余鐘,玄鋁,大鐘八肆,其四堵,矯其龍,既伸暢虡 ,大鐘懸,玉鼓,余不敢爲驕,以享孝,樂我先祖,以祈壽,世世子孫,永以爲寶。"
我,余自吾我只,余,"唯王正月,初吉丁,呂曰:余畢公之孫、伯之子,余頡事君,余武,作爲余鐘,玄鋁,大鐘八肆,其四堵,矯其龍,既伸暢虡 ,大鐘懸,玉鼓,余不敢爲驕,以享孝,樂我先祖,以祈壽,世世子孫,永以爲寶。"
今,我而今故並,我,"王若曰:,丕顯文、武受命,則乃祖奠周邦,余命汝嫡官邑人,先虎後庸:西門夷、秦夷、京、夷、師、側薪、夷、弁夷、人、成周亞、戌、秦人、降人、服,賜汝玄衣純、緇 、衡、戈琱 、厚、蘇、鑾旂、鋚 勒,用事,𩒨 首,對揚天"
夷,夷人王海邑,夷,"王若曰:,丕顯文、武受命,則乃祖奠周邦,余命汝嫡官邑人,先虎後庸:西門夷、秦夷、京、夷、師、側薪、夷、弁夷、人、成周亞、戌、秦人、降人、服,賜汝玄衣純、緇 、衡、戈琱 、厚、蘇、鑾旂、鋚 勒,用事,𩒨 首,對揚天"
夷,人夷臣公奴,人,"王若曰:,丕顯文、武受命,則乃祖奠周邦,余命汝嫡官邑人,先虎後庸:西門夷、秦夷、京、夷、師、側薪、夷、弁夷、人、成周亞、戌、秦人、降人、服,賜汝玄衣純、緇 、衡、戈琱 、厚、蘇、鑾旂、鋚 勒,用事,𩒨 首,對揚天"
巳,辰年女巳歲,辰,"唯王正月,初吉乙,□朱勾之孫□亘□喪,欲復師,擇吉金,自作龢,以樂賓客,誌勞諸侯,往矣,余之客,酓酓 孔,萬世後,無疾自下,允,同汝之利,台孫皆永寶。"
文,文威聖大神,文,"王若曰:父,丕顯武,皇天引厭厥德配我有周,膺受大命,率懷不廷方,不覲于文武耿光,唯天壯厥命,亦唯先正厥辟,堇大命,肆皇天亡斁 ,保我有周,丕鞏先王配命,天疾威,司余小子弗彶 ,邦將曷 吉,四方,大不靖,烏乎,余小子,湛于艱,永鞏先王"
百,十百千五四,十,"唯王于伐楚,伯在,唯九月,既死霸丁丑,册夨 令尊宜于王姜,姜令貝十朋、臣十家、鬲 人。"
甲,戊壬丙甲庚,戊,"唯元年六月,既望戌,王在杜,𢓜 于大,井白入佑師虎,即立中,北嚮,王乎內史吳曰:命虎。"
金,金銀劍刀玉,金,"宮令宰僕賜甹 白十鈞,甹 敢拜稽首。"
在,入在於朝居,入,"唯二年正月初吉,王周卲 宮,丁亥,王各于榭,毛伯入門,立中廷,祝𨝍 ,王乎內史册命𨝍 ,王曰:昔先王既命汝作,纘 五邑祝,今余唯申乃命,賜汝赤、衡、旂,用事,𨝍 拜手𩒨 ,敢對揚天子休命,𨝍 作朕皇考龏 伯尊𣪕 , 其眉壽,萬年無"
伯,伯王公侯帝,伯,"榮即酋厥故,□伯□□鬼,鬼以新□,咸,折酋于□,王乎令盂以人聝 入門,獻西,□□入燎周廟,盂以□三門,即立中廷,北嚮,告伯即位,伯□□□□于明伯,繼伯,□伯,告,盂與諸侯侯、甸、男□□從盂征,既咸,賓即位、贊賓,王乎贊盂,"
入,入於于出宮,入,"榮即酋厥故,□伯□□鬼,鬼以新□,咸,折酋于□,王乎令盂以人聝 入門,獻西,□□入燎周廟,盂以□三門,即立中廷,北嚮,告伯即位,伯□□□□于明伯,繼伯,□伯,告,盂與諸侯侯、甸、男□□從盂征,既咸,賓即位、贊賓,王乎贊盂,"
盂,盂王詔晉咸,盂,"榮即酋厥故,□伯□□鬼,鬼以新□,咸,折酋于□,王乎令盂以人聝 入門,獻西,□□入燎周廟,盂以□三門,即立中廷,北嚮,告伯即位,伯□□□□于明伯,繼伯,□伯,告,盂與諸侯侯、甸、男□□從盂征,既咸,賓即位、贊賓,王乎贊盂,"
咸,王盂咸回賓,王,"榮即酋厥故,□伯□□鬼,鬼以新□,咸,折酋于□,王乎令盂以人聝 入門,獻西,□□入燎周廟,盂以□三門,即立中廷,北嚮,告伯即位,伯□□□□于明伯,繼伯,□伯,告,盂與諸侯侯、甸、男□□從盂征,既咸,賓即位、贊賓,王乎贊盂,"
寅,申子寅世庚,申,"唯五年三月,既死霸庚,王初格伐玁 于𫊣 。"
而,所而王君子,所,"唯十四年中山王作鼎,銘曰:烏乎,語不廢哉,人聞之,與其溺於人也,溺於淵,昔者,燕君子噲 叡夫悟,長為人主,閈 於天下之物矣,猶迷惑於子之亡其邦,為天下戮,而況在於君乎,昔者,吾先考成王,早棄群臣,寡人幼童,未智,唯傅姆是從,天降休于朕邦,有厥忠"
甥,甥公君孫子,甥,"唯五年正月己丑,琱 有事,召來合事,余獻以壺,告曰:以君氏令曰,余老止公,僕庸土田多,弋伯氏從許,公宕其,則宕其貳,公宕其貳,汝宕其一,余惠于君氏大璋,報氏帛束、璜,召伯虎:余既訊,我考我母令,余弗敢亂,余或致我考我令,琱 甥則覲"
氏,氏君子之人,氏,"唯五年正月己丑,琱 有事,召來合事,余獻以壺,告曰:以君氏令曰,余老止公,僕庸土田多,弋伯氏從許,公宕其,則宕其貳,公宕其貳,汝宕其一,余惠于君氏大璋,報氏帛束、璜,召伯虎:余既訊,我考我母令,余弗敢亂,余或致我考我令,琱 甥則覲"
汝,汝君我臣母,汝,"唯五年正月己丑,琱 有事,召來合事,余獻以壺,告曰:以君氏令曰,余老止公,僕庸土田多,弋伯氏從許,公宕其,則宕其貳,公宕其貳,汝宕其一,余惠于君氏大璋,報氏帛束、璜,召伯虎:余既訊,我考我母令,余弗敢亂,余或致我考我令,琱 甥則覲"
則,則亦也者就,則,"唯五年正月己丑,琱 有事,召來合事,余獻以壺,告曰:以君氏令曰,余老止公,僕庸土田多,弋伯氏從許,公宕其,則宕其貳,公宕其貳,汝宕其一,余惠于君氏大璋,報氏帛束、璜,召伯虎:余既訊,我考我母令,余弗敢亂,余或致我考我令,琱 甥則覲"
曰,曰說言道問,曰,"唯五年正月己丑,琱 有事,召來合事,余獻以壺,告曰:以君氏令曰,余老止公,僕庸土田多,弋伯氏從許,公宕其,則宕其貳,公宕其貳,汝宕其一,余惠于君氏大璋,報氏帛束、璜,召伯虎:余既訊,我考我母令,余弗敢亂,余或致我考我令,琱 甥則覲"
母,母父公女親,母,"唯五年正月己丑,琱 有事,召來合事,余獻以壺,告曰:以君氏令曰,余老止公,僕庸土田多,弋伯氏從許,公宕其,則宕其貳,公宕其貳,汝宕其一,余惠于君氏大璋,報氏帛束、璜,召伯虎:余既訊,我考我母令,余弗敢亂,余或致我考我令,琱 甥則覲"
京,京唐北金城,京,"唯十月,用玁 放 ,廣伐京師,告追于王,命武公遣乃元士,羞追于師,武公命多友率公車,追于京師,癸未,戎伐,衣孚,多友西追,甲申之,搏于,多友有折首訊,凡以公車折首二百又□又五人,執訊廿又三人,俘車百乘一十又七乘,卒復人俘,又搏于共"
羞,羞告也亦相,羞,"唯十月,用玁 放 ,廣伐京師,告追于王,命武公遣乃元士,羞追于師,武公命多友率公車,追于京師,癸未,戎伐,衣孚,多友西追,甲申之,搏于,多友有折首訊,凡以公車折首二百又□又五人,執訊廿又三人,俘車百乘一十又七乘,卒復人俘,又搏于共"
執,執之的追犯,執,"唯十月,用玁 放 ,廣伐京師,告追于王,命武公遣乃元士,羞追于師,武公命多友率公車,追于京師,癸未,戎伐,衣孚,多友西追,甲申之,搏于,多友有折首訊,凡以公車折首二百又□又五人,執訊廿又三人,俘車百乘一十又七乘,卒復人俘,又搏于共"
以,以恭不貞大,以,"唯越十又九年,王曰:者,汝亦虔秉丕經德,克總光,於之學,𧻚𧻚 哉,弼王,往捍庶盟,祇光朕位,今余其念乃齋休祝成,烈壯用爯 ,之於肆,汝其用茲,綏安壽,思逸康樂,勿有不義,之於不啻,唯王命,元,乃德,子孫永保。"
以,以今汝後亦,以,"唯越十又九年,王曰:者,汝亦虔秉丕經德,克總光,於之學,𧻚𧻚 哉,弼王,往捍庶盟,祇光朕位,今余其念乃齋休祝成,烈壯用爯 ,之於肆,汝其用茲,綏安壽,思逸康樂,勿有不義,之於不啻,唯王命,元,乃德,子孫永保。"
子,子兒嗣女後,子,"唯四年二月,既生霸戊,王在周師彔 宮,各大室,即位,馬共佑,王乎册賜靳、鞹 、鋚 勒,敢對揚天子休,用作考寶𣪕 ,其萬年,子孫孫其永寶,木羊册。"
大,其大一中餘,其,"唯王正月,初吉丁亥,呂曰:余畢公之孫、呂之子,余頡事君,余狩武,作爲余鐘,玄鋁,鐘八肆,其四堵,矯矯龍,既伸暢虡 ,大鐘既,玉鼓,余不敢爲驕,我享孝,樂我先祖,以祈眉,世世子孫,永以爲寶。"
以,以自已為爲,以,"唯王正月,初吉丁亥,呂曰:余畢公之孫、呂之子,余頡事君,余狩武,作爲余鐘,玄鋁,鐘八肆,其四堵,矯矯龍,既伸暢虡 ,大鐘既,玉鼓,余不敢爲驕,我享孝,樂我先祖,以祈眉,世世子孫,永以爲寶。"
夷,夷人王氏帝,夷,"王若曰:,丕顯文、受命,則乃祖奠周邦,今命汝嫡官邑人,先虎臣庸:西門夷、秦夷、京夷、夷、師、側薪、華、弁夷、人、成周走、戌、秦人、降人、服夷,賜汝玄衣純、緇 、衡、戈琱 、厚、彤、鑾旂、鋚 勒,用事,𩒨 首,對揚天"
其,之其為帝是,之,"庚伐陸,睪其王, 方綾相乘牡,釗不□王乘牡,與以□師。"
武,武帝德君威,武,"王若曰:父,丕顯文,皇天引厭厥德配我有周,受大命,率懷不廷方,亡覲于文武耿光,唯天壯集命,亦唯先正厥辟,爵大命,肆皇天亡斁 ,臨我有周,丕鞏先王配命,旻疾威,司余小子弗彶 ,將曷 吉,四方,大縱靖,烏乎,余小子,于艱,永鞏先王"
人,人家名郎子,人,"唯王于伐楚,伯在炎,唯九月,既死霸丁丑,作夨 令尊宜于王姜,姜賞貝十朋、臣十家、鬲 百。"
十,千萬一百十,千,"宮令宰僕賜甹 白金鈞,甹 敢拜稽首。"
萬,年餘歷萬終,年,"唯五月初吉,王在周,作冊內史賜免鹵百,免靜女王休,用作盤盉 ,其年寶用。"
期,期年秋春叶,期,"2. 117021.斷代:战国晚2.釋文:十五年,守相埶 、廉頗、邦左庫工師采、句劑,大工尹公孫桴 。"
邦,禮迎國王邦,禮,"隹 八月既望,辰在甲申,昧爽,三左三右多君入服,明,王各周廟,□□□賓,延邦賓尊其旅服,東,盂以多旂佩,鬼方子□□入三門,告曰:王令盂以□□伐鬼方,□□□聝 □,執酋三人,獲聝 四千八百二聝 ,俘人萬三千八十一人,俘馬四□□匹,俘車卅輛,俘牛三百五十五"
人,人不之有民,人,"隹 十四年中山王作鼎,于曰:烏乎,語不廢哉,寡聞之,與其溺於人也,寧於淵,昔者,燕君子噲 夫悟,長為人主,閈 天下之物矣,猶迷惑於子之而其邦,為天下戮,而況在於少乎,昔者,吾先考成王,棄群臣,寡人幼童,未通,唯傅姆是從,天降休命朕邦,有厥忠"
溺,溺死流墮浮,溺,"隹 十四年中山王作鼎,于曰:烏乎,語不廢哉,寡聞之,與其溺於人也,寧於淵,昔者,燕君子噲 夫悟,長為人主,閈 天下之物矣,猶迷惑於子之而其邦,為天下戮,而況在於少乎,昔者,吾先考成王,棄群臣,寡人幼童,未通,唯傅姆是從,天降休命朕邦,有厥忠"
於,於得以是有,於,"隹 十四年中山王作鼎,于曰:烏乎,語不廢哉,寡聞之,與其溺於人也,寧於淵,昔者,燕君子噲 夫悟,長為人主,閈 天下之物矣,猶迷惑於子之而其邦,為天下戮,而況在於少乎,昔者,吾先考成王,棄群臣,寡人幼童,未通,唯傅姆是從,天降休命朕邦,有厥忠"
亡,為於亂亡得,為,"隹 十四年中山王作鼎,于曰:烏乎,語不廢哉,寡聞之,與其溺於人也,寧於淵,昔者,燕君子噲 夫悟,長為人主,閈 天下之物矣,猶迷惑於子之而其邦,為天下戮,而況在於少乎,昔者,吾先考成王,棄群臣,寡人幼童,未通,唯傅姆是從,天降休命朕邦,有厥忠"
于,於為與于治,於,"隹 十四年中山王作鼎,于曰:烏乎,語不廢哉,寡聞之,與其溺於人也,寧於淵,昔者,燕君子噲 夫悟,長為人主,閈 天下之物矣,猶迷惑於子之而其邦,為天下戮,而況在於少乎,昔者,吾先考成王,棄群臣,寡人幼童,未通,唯傅姆是從,天降休命朕邦,有厥忠"
有,有之出喪無,有,"隹 五年正月己丑,琱 甥事,召來合事,余獻氏壺,告曰:以君氏令曰,老止公,僕庸土田多,伯氏從許,公宕其,汝宕其貳,公宕其貳,汝則其一,余惠于君氏大璋,氏帛束、璜,召伯虎曰:余既訊,我考我母令,弗敢亂,余或致我考我母,琱 甥則覲"
則,則亦则也若,則,"隹 五年正月己丑,琱 甥事,召來合事,余獻氏壺,告曰:以君氏令曰,老止公,僕庸土田多,伯氏從許,公宕其,汝宕其貳,公宕其貳,汝則其一,余惠于君氏大璋,氏帛束、璜,召伯虎曰:余既訊,我考我母令,弗敢亂,余或致我考我母,琱 甥則覲"
宕,宕押妾保賜,宕,"隹 五年正月己丑,琱 甥事,召來合事,余獻氏壺,告曰:以君氏令曰,老止公,僕庸土田多,伯氏從許,公宕其,汝宕其貳,公宕其貳,汝則其一,余惠于君氏大璋,氏帛束、璜,召伯虎曰:余既訊,我考我母令,弗敢亂,余或致我考我母,琱 甥則覲"
令,令旨權府使,令,"隹 五年正月己丑,琱 甥事,召來合事,余獻氏壺,告曰:以君氏令曰,老止公,僕庸土田多,伯氏從許,公宕其,汝宕其貳,公宕其貳,汝則其一,余惠于君氏大璋,氏帛束、璜,召伯虎曰:余既訊,我考我母令,弗敢亂,余或致我考我母,琱 甥則覲"
子,子千繼出生,子,"隹 曾伯文自作寶,用眉壽、黃耇 ,其萬年,子孫孫。"
師,師师中山府,師,"隹 十月,用玁 放𬌐 ,廣伐京師,告追于王,武公遣乃元士,羞追于京,武公命多友率公車,羞于京師,癸未,戎伐,孚,多友西追,甲申之辰,搏于,多友有折首執,凡以公車折首二百又□五人,執訊廿又三人,俘戎百乘一十又七乘,卒復俘,又搏于共"
追,追捕逃反逐,追,"隹 十月,用玁 放𬌐 ,廣伐京師,告追于王,武公遣乃元士,羞追于京,武公命多友率公車,羞于京師,癸未,戎伐,孚,多友西追,甲申之辰,搏于,多友有折首執,凡以公車折首二百又□五人,執訊廿又三人,俘戎百乘一十又七乘,卒復俘,又搏于共"
訊,訊讯捕令戒,訊,"隹 十月,用玁 放𬌐 ,廣伐京師,告追于王,武公遣乃元士,羞追于京,武公命多友率公車,羞于京師,癸未,戎伐,孚,多友西追,甲申之辰,搏于,多友有折首執,凡以公車折首二百又□五人,執訊廿又三人,俘戎百乘一十又七乘,卒復俘,又搏于共"
又,〇二六又七,〇,"隹 十月,用玁 放𬌐 ,廣伐京師,告追于王,武公遣乃元士,羞追于京,武公命多友率公車,羞于京師,癸未,戎伐,孚,多友西追,甲申之辰,搏于,多友有折首執,凡以公車折首二百又□五人,執訊廿又三人,俘戎百乘一十又七乘,卒復俘,又搏于共"
祖,祖宗人王皇,祖,"井人人曰:景盄 文、皇考、克哲厥德,得純魯,永終于吉,不敢弗帥文祖、皇考,穆穆秉德,,憲憲聖爽,處宗室,作龢父大林鐘,用追孝前文人,前文人其嚴在上,,降余厚多福無疆,萬年,子子孫孫永寶用享。"
子,子我祖以父,子,"鄀夨 子又自作旅,子孫孫永用。"
公,伯公大子三,伯,"拜𪜵 首,休朕寶君伯,賜厥臣弟井五㮛 ,賜𧙧 冑、干戈,弗敢公伯休,對揚伯休。"
之,之耀榮德大,之,"隹 越十又九年,王曰:,汝亦虔秉丕經德,以總光,於之學,𧻚𧻚 ,弼王,往捍庶盟,以光朕位,今余其念乃有休祝成,烈壯用爯 ,光於肆,汝其用茲,綏安乃,思逸康樂,勿有不義,之於不啻,唯王命,元,乃德,子孫永保。"
皇,文祖皇高司,文,"𧻚𧻚 ,夙夕聖爽,追于高祖辛公、文祖乙公、考丁公,龢林鐘,用卲 、喜侃樂前文人,用祓壽、匄 永命,綽、福祿、魯,弋皇祖考高對爾烈,在上,,融綏厚多福,啟身,擢于永命,褱 余爾𬹜 福,其萬年,祿熾光,宜文神,無疆景,用光"
福,樂福觀光氣,樂,"𧻚𧻚 ,夙夕聖爽,追于高祖辛公、文祖乙公、考丁公,龢林鐘,用卲 、喜侃樂前文人,用祓壽、匄 永命,綽、福祿、魯,弋皇祖考高對爾烈,在上,,融綏厚多福,啟身,擢于永命,褱 余爾𬹜 福,其萬年,祿熾光,宜文神,無疆景,用光"
賓,賓人王君眾,賓,"八月既望,辰在甲申,爽,三左三右多君入服酒,明,王各周廟,□□□邦,延邦賓尊其旅服,東嚮,盂以多旂佩,鬼方子□□三門,告曰:王令盂以□□伐鬼方,□□□聝 □,酋三人,獲聝 四千八百又聝 ,俘人萬三千八十一人,馬四□□匹,俘車卅輛,牛三百五十五"
俘,俘捕虜擄掠,俘,"八月既望,辰在甲申,爽,三左三右多君入服酒,明,王各周廟,□□□邦,延邦賓尊其旅服,東嚮,盂以多旂佩,鬼方子□□三門,告曰:王令盂以□□伐鬼方,□□□聝 □,酋三人,獲聝 四千八百又聝 ,俘人萬三千八十一人,馬四□□匹,俘車卅輛,牛三百五十五"
俘,俘捕虜擄掠,俘,"八月既望,辰在甲申,爽,三左三右多君入服酒,明,王各周廟,□□□邦,延邦賓尊其旅服,東嚮,盂以多旂佩,鬼方子□□三門,告曰:王令盂以□□伐鬼方,□□□聝 □,酋三人,獲聝 四千八百又聝 ,俘人萬三千八十一人,馬四□□匹,俘車卅輛,牛三百五十五"
曰,曰言道說謂,曰,"十四年中山王作鼎,于銘:烏乎,語不廢哉,寡人之,與其溺於人也,寧溺淵,昔者,燕君子噲 叡夫悟,長為人主,閈 於天下之物矣,猶迷惑於子之而亡邦,為天下戮,而況在於少君,昔者,吾先考成王,早群臣,寡人幼童,未通智,唯傅姆是從,天降休命于邦,有厥忠"
於,於于深天之,於,"十四年中山王作鼎,于銘:烏乎,語不廢哉,寡人之,與其溺於人也,寧溺淵,昔者,燕君子噲 叡夫悟,長為人主,閈 於天下之物矣,猶迷惑於子之而亡邦,為天下戮,而況在於少君,昔者,吾先考成王,早群臣,寡人幼童,未通智,唯傅姆是從,天降休命于邦,有厥忠"
事,事病令旨命,事,"五年正月己丑,琱 甥有,召來合事,余獻氏以,告曰:以君氏令曰,余止公,僕庸土田多,弋氏從許,公宕其,汝則其貳,公宕其貳,汝則宕一,余惠于君氏大璋,報氏帛束、璜,召伯虎曰:既訊,我考我母令,余敢亂,余或致我考我母令,琱 甥則覲"
宕,宕押攬承妾,宕,"五年正月己丑,琱 甥有,召來合事,余獻氏以,告曰:以君氏令曰,余止公,僕庸土田多,弋氏從許,公宕其,汝則其貳,公宕其貳,汝則宕一,余惠于君氏大璋,報氏帛束、璜,召伯虎曰:既訊,我考我母令,余敢亂,余或致我考我母令,琱 甥則覲"
其,其之於至此,其,"五年正月己丑,琱 甥有,召來合事,余獻氏以,告曰:以君氏令曰,余止公,僕庸土田多,弋氏從許,公宕其,汝則其貳,公宕其貳,汝則宕一,余惠于君氏大璋,報氏帛束、璜,召伯虎曰:既訊,我考我母令,余敢亂,余或致我考我母令,琱 甥則覲"
余,君汝我父余,君,"五年正月己丑,琱 甥有,召來合事,余獻氏以,告曰:以君氏令曰,余止公,僕庸土田多,弋氏從許,公宕其,汝則其貳,公宕其貳,汝則宕一,余惠于君氏大璋,報氏帛束、璜,召伯虎曰:既訊,我考我母令,余敢亂,余或致我考我母令,琱 甥則覲"
子,子嗣生兒繁,子,"曾伯文自作寶,用賜壽、黃耇 ,其萬年,子孫孫。"
三,王三皇一二,王,"王卅又四祀,唯五月既戊,王在京,禘 於昭王,鮮蔑,祼王𬔧 ,祼玉品,貝廿朋,對王休,用,子孫其永寶。"
武,武文王軍大,武,"十月,用玁 放𬌐 ,廣伐京師,告追于王,命公遣乃元士,羞追于京師,武公命多友率公車,羞追京師,癸未,戎伐,衣,多友西追,甲申之辰,于,多友有折首執訊,凡以公車折首二百又□又人,執訊廿又三人,俘戎車乘一十又七乘,卒復人,又搏于共"
于,於于在至與,於,"十月,用玁 放𬌐 ,廣伐京師,告追于王,命公遣乃元士,羞追于京師,武公命多友率公車,羞追京師,癸未,戎伐,衣,多友西追,甲申之辰,于,多友有折首執訊,凡以公車折首二百又□又人,執訊廿又三人,俘戎車乘一十又七乘,卒復人,又搏于共"
五,七四五六二,七,"十月,用玁 放𬌐 ,廣伐京師,告追于王,命公遣乃元士,羞追于京師,武公命多友率公車,羞追京師,癸未,戎伐,衣,多友西追,甲申之辰,于,多友有折首執訊,凡以公車折首二百又□又人,執訊廿又三人,俘戎車乘一十又七乘,卒復人,又搏于共"
文,文元明忠君,文,"井人人曰:景盄 文祖、皇考、克哲厥德,得純用,永終于吉,不敢弗帥用祖、皇考,穆穆秉德,,憲憲聖爽,處宗室,肆作龢父大林鐘,用追孝侃文人,前文人其嚴在上,,降余厚多福無疆,其年,子子孫孫永寶用享。"
前,前先後后其,前,"井人人曰:景盄 文祖、皇考、克哲厥德,得純用,永終于吉,不敢弗帥用祖、皇考,穆穆秉德,,憲憲聖爽,處宗室,肆作龢父大林鐘,用追孝侃文人,前文人其嚴在上,,降余厚多福無疆,其年,子子孫孫永寶用享。"
子,子之公父家,子,"夨 子又自作旅,子孫孫永用。"
賜,及賜與和以,及,"拜𪜵 首,休朕寶君公,賜厥臣弟井五㮛 ,𧙧 冑、干戈,弗敢望伯休,對揚伯休。"
之,之我人君學,之,"越十又九年,王曰:者,汝亦虔秉丕經德,以克光,於之學,𧻚𧻚 哉,弼王,往捍庶盟,以祇朕位,今余其念乃有齋祝成,烈壯用爯 ,光之肆,汝其用茲,綏安乃壽,思逸康樂,勿有不義,於不啻,唯王命,元,德,子孫永保。"
在,有上之在本,有,"用享用𫗍 ,萬年眉壽,位。"
盂,盂王西陵帝,盂,"隹 八月既望,辰在甲申,昧,三左三右多君入服酒,,王各周廟,□□□邦賓,延邦賓尊其旅服,東嚮,以多旂佩,鬼方子□□入門,告曰:王令盂以□□鬼方,□□□聝 □,執三人,獲聝 四千八百又二 ,俘人萬三千八十一人,俘四□□匹,俘車卅輛,俘三百五十五"
馬,馬牛犬獸驢,馬,"隹 八月既望,辰在甲申,昧,三左三右多君入服酒,,王各周廟,□□□邦賓,延邦賓尊其旅服,東嚮,以多旂佩,鬼方子□□入門,告曰:王令盂以□□鬼方,□□□聝 □,執三人,獲聝 四千八百又二 ,俘人萬三千八十一人,俘四□□匹,俘車卅輛,俘三百五十五"
之,言之矣曰道,言,"隹 十四年中山王作鼎,于銘曰:烏乎,語不廢哉,寡人聞,與其溺於人也,寧溺於,昔者,燕君子噲 叡悟,長為人主,閈 於天下物矣,猶迷惑於子之而亡其,為天下戮,而況在於少君乎,昔者,吾先考成王,早棄臣,寡人幼童,未通智,傅姆是從,天降休命于朕,有厥忠"
之,萬之有諸無,萬,"隹 十四年中山王作鼎,于銘曰:烏乎,語不廢哉,寡人聞,與其溺於人也,寧溺於,昔者,燕君子噲 叡悟,長為人主,閈 於天下物矣,猶迷惑於子之而亡其,為天下戮,而況在於少君乎,昔者,吾先考成王,早棄臣,寡人幼童,未通智,傅姆是從,天降休命于朕,有厥忠"
其,其之至於于,其,"隹 五年正月己丑,琱 甥有事,召來合事,余獻氏以壺,告曰:以君氏令曰,余老公,僕庸土田多,弋伯從許,公宕其,汝則宕貳,公宕其貳,汝則宕其,余惠于君氏大璋,報帛束、璜,召伯虎曰:余訊,我考我母令,余弗亂,余或致我考我母令, 甥則覲"
孫,孫孙子嗣長,孫,"隹 曾伯文自作寶,用賜眉、黃耇 ,其萬年,子子孫。"
祖,之祖人王帝,之,"耤 北子柞𣪕 ,用興厥父日乙,其萬年子子孫孫寶。"
公,公官士臣將,公,"隹 十月,用玁 放𬌐 ,伐京師,告追于王,命武遣乃元士,羞追于京師,公命多友率公車,羞追于師,癸未,戎伐,衣孚,多友西追,甲申之辰,搏,多友有折首執訊,以公車折首二百又□又五,執訊廿又三人,俘戎車百一十又七乘,卒復人俘,又搏于共"
武,武王軍宣大,武,"隹 十月,用玁 放𬌐 ,伐京師,告追于王,命武遣乃元士,羞追于京師,公命多友率公車,羞追于師,癸未,戎伐,衣孚,多友西追,甲申之辰,搏,多友有折首執訊,以公車折首二百又□又五,執訊廿又三人,俘戎車百一十又七乘,卒復人俘,又搏于共"
京,京唐北城金,京,"隹 十月,用玁 放𬌐 ,伐京師,告追于王,命武遣乃元士,羞追于京師,公命多友率公車,羞追于師,癸未,戎伐,衣孚,多友西追,甲申之辰,搏,多友有折首執訊,以公車折首二百又□又五,執訊廿又三人,俘戎車百一十又七乘,卒復人俘,又搏于共"
于,于於伐在之,于,"隹 十月,用玁 放𬌐 ,伐京師,告追于王,命武遣乃元士,羞追于京師,公命多友率公車,羞追于師,癸未,戎伐,衣孚,多友西追,甲申之辰,搏,多友有折首執訊,以公車折首二百又□又五,執訊廿又三人,俘戎車百一十又七乘,卒復人俘,又搏于共"
人,乘人名匹兵,乘,"隹 十月,用玁 放𬌐 ,伐京師,告追于王,命武遣乃元士,羞追于京師,公命多友率公車,羞追于師,癸未,戎伐,衣孚,多友西追,甲申之辰,搏,多友有折首執訊,以公車折首二百又□又五,執訊廿又三人,俘戎車百一十又七乘,卒復人俘,又搏于共"
皇,皇王帝國聖,皇,"人人曰:景盄 文祖、考、克哲厥德,得純用魯,永終于吉,不敢弗帥用文、皇考,穆穆秉德,,憲聖爽,處宗室,肆龢父大林鐘,用追孝侃前人,前文人其嚴在上,,降余厚多福無疆,其萬,子子孫孫永寶用享。"
祖,祖人王宗皇,祖,"人人曰:景盄 文祖、考、克哲厥德,得純用魯,永終于吉,不敢弗帥用文、皇考,穆穆秉德,,憲聖爽,處宗室,肆龢父大林鐘,用追孝侃前人,前文人其嚴在上,,降余厚多福無疆,其萬,子子孫孫永寶用享。"
文,文賢哲聖書,文,"人人曰:景盄 文祖、考、克哲厥德,得純用魯,永終于吉,不敢弗帥用文、皇考,穆穆秉德,,憲聖爽,處宗室,肆龢父大林鐘,用追孝侃前人,前文人其嚴在上,,降余厚多福無疆,其萬,子子孫孫永寶用享。"
年,年世歲物代,年,"人人曰:景盄 文祖、考、克哲厥德,得純用魯,永終于吉,不敢弗帥用文、皇考,穆穆秉德,,憲聖爽,處宗室,肆龢父大林鐘,用追孝侃前人,前文人其嚴在上,,降余厚多福無疆,其萬,子子孫孫永寶用享。"
孫,孫孙子祖之,孫,"鄀 子又自作旅,子子孫永用。"
伯,伯公父子恩,伯,"拜𪜵 首,休朕寶君公伯,賜厥臣弟井五㮛 ,賜 冑、干戈,弗敢望公休,對揚伯休。"
五,十九正七五,十,"月初吉𬟰 申,懋父賞御正馬匹自王,用作父戊寶尊。"
鬼,鬼四六八二,鬼,"隹 月既望,辰在甲申,昧爽,三左三右多君入服酒,明,王各周廟,□□□邦賓,邦賓尊其旅服,東嚮,盂多旂佩,鬼方子□□入三,告曰:王令盂以□□伐方,□□□聝 □,執酋三人,獲聝 四千八百又二聝 ,俘人萬三千八十一人,俘馬□□匹,俘車卅輛,俘牛百五十五"
四,二三五四七,二,"隹 月既望,辰在甲申,昧爽,三左三右多君入服酒,明,王各周廟,□□□邦賓,邦賓尊其旅服,東嚮,盂多旂佩,鬼方子□□入三,告曰:王令盂以□□伐方,□□□聝 □,執酋三人,獲聝 四千八百又二聝 ,俘人萬三千八十一人,俘馬□□匹,俘車卅輛,俘牛百五十五"
三,二三四八七,二,"隹 月既望,辰在甲申,昧爽,三左三右多君入服酒,明,王各周廟,□□□邦賓,邦賓尊其旅服,東嚮,盂多旂佩,鬼方子□□入三,告曰:王令盂以□□伐方,□□□聝 □,執酋三人,獲聝 四千八百又二聝 ,俘人萬三千八十一人,俘馬□□匹,俘車卅輛,俘牛百五十五"
昔,今昔此後故,今,"隹 十四年中山王作鼎,于銘曰:乎,語不廢哉,寡人聞之,與其溺於人也,寧溺於淵,昔者,燕君子噲 叡夫,長為人主,閈 於天下之矣,猶迷惑於子之而亡其邦,為天下戮,而況在於少君乎,者,吾先考成王,早棄群,寡人幼童,未通智,唯姆是從,天降休命于朕邦,有厥忠"
臣,人臣衆雄子,人,"隹 十四年中山王作鼎,于銘曰:乎,語不廢哉,寡人聞之,與其溺於人也,寧溺於淵,昔者,燕君子噲 叡夫,長為人主,閈 於天下之矣,猶迷惑於子之而亡其邦,為天下戮,而況在於少君乎,者,吾先考成王,早棄群,寡人幼童,未通智,唯姆是從,天降休命于朕邦,有厥忠"
貳,壹貳一三叁,壹,"隹 五年正月己丑,琱 甥有事,來合事,余獻氏以壺,曰:以君氏令曰,余老止,僕庸土田多,弋伯氏許,公宕其,汝則宕其,公宕其貳,汝則宕其一,余惠于君氏大璋,報氏束、璜,召伯虎曰:余既,我考我母令,余弗敢,余或致我考我母令,琱 甥則覲"
孫,孫代孙嗣長,孫,"隹 伯文自作寶,用賜眉壽、黃耇 ,其萬年,子子孫。"
子,子王為故諸,子,"隹 王又四祀,唯五月既戊午,在京,禘 於昭王,鮮,祼王𬔧 ,祼玉三品,貝廿朋,對王休,用作,孫其永寶。"
周,周阿文官中,周,耤 公彝。
賜,賜金大以元,賜,"公宗彝一𫺟 ,賜鼎二,貝五朋。"
十,十六九七八,十,"隹 月,用玁 放𬌐 ,廣京師,告追于王,命武公乃元士,羞追于京師,武命多友率公車,羞追于京,癸未,戎伐,衣孚,友西追,甲申之辰,搏于,多友有折首執訊,凡公車折首二百又□又五人,執訊廿又三人,俘戎車百乘十又七乘,卒復人俘,搏于共"
伐,征伐攻封告,征,"隹 月,用玁 放𬌐 ,廣京師,告追于王,命武公乃元士,羞追于京師,武命多友率公車,羞追于京,癸未,戎伐,衣孚,友西追,甲申之辰,搏于,多友有折首執訊,凡公車折首二百又□又五人,執訊廿又三人,俘戎車百乘十又七乘,卒復人俘,搏于共"
遣,率命以領遣,率,"隹 月,用玁 放𬌐 ,廣京師,告追于王,命武公乃元士,羞追于京師,武命多友率公車,羞追于京,癸未,戎伐,衣孚,友西追,甲申之辰,搏于,多友有折首執訊,凡公車折首二百又□又五人,執訊廿又三人,俘戎車百乘十又七乘,卒復人俘,搏于共"
公,公帝侯子也,公,"隹 月,用玁 放𬌐 ,廣京師,告追于王,命武公乃元士,羞追于京師,武命多友率公車,羞追于京,癸未,戎伐,衣孚,友西追,甲申之辰,搏于,多友有折首執訊,凡公車折首二百又□又五人,執訊廿又三人,俘戎車百乘十又七乘,卒復人俘,搏于共"
師,師中山城關,師,"隹 月,用玁 放𬌐 ,廣京師,告追于王,命武公乃元士,羞追于京師,武命多友率公車,羞追于京,癸未,戎伐,衣孚,友西追,甲申之辰,搏于,多友有折首執訊,凡公車折首二百又□又五人,執訊廿又三人,俘戎車百乘十又七乘,卒復人俘,搏于共"
多,多三率同六,多,"隹 月,用玁 放𬌐 ,廣京師,告追于王,命武公乃元士,羞追于京師,武命多友率公車,羞追于京,癸未,戎伐,衣孚,友西追,甲申之辰,搏于,多友有折首執訊,凡公車折首二百又□又五人,執訊廿又三人,俘戎車百乘十又七乘,卒復人俘,搏于共"
一,三二六一四,三,"隹 月,用玁 放𬌐 ,廣京師,告追于王,命武公乃元士,羞追于京師,武命多友率公車,羞追于京,癸未,戎伐,衣孚,友西追,甲申之辰,搏于,多友有折首執訊,凡公車折首二百又□又五人,執訊廿又三人,俘戎車百乘十又七乘,卒復人俘,搏于共"
又,又以不皆再,又,"隹 月,用玁 放𬌐 ,廣京師,告追于王,命武公乃元士,羞追于京師,武命多友率公車,羞追于京,癸未,戎伐,衣孚,友西追,甲申之辰,搏于,多友有折首執訊,凡公車折首二百又□又五人,執訊廿又三人,俘戎車百乘十又七乘,卒復人俘,搏于共"
考,考科論祖教,考,"井人曰:景盄 文祖、皇、克哲厥德,得純用魯,終于吉,不敢弗帥用文祖、皇考,穆穆秉德,,憲聖爽,處宗室,肆作父大林鐘,用追孝侃前文,前文人其嚴在上,,余厚多福無疆,其萬年,子子孫孫永寶用享。"
人,人祖宗君帝,人,"井人曰:景盄 文祖、皇、克哲厥德,得純用魯,終于吉,不敢弗帥用文祖、皇考,穆穆秉德,,憲聖爽,處宗室,肆作父大林鐘,用追孝侃前文,前文人其嚴在上,,余厚多福無疆,其萬年,子子孫孫永寶用享。"
伯,公家子伯命,公,"榮虖 命卯曰:載乃先且考榮公室,昔乃祖亦既令父死人,不淑,捋我家,用喪。"
孫,孫子之代孙,孫,"鄀夨 子又自作旅,子子孫永用。"
賜,以賜助我臣,以,"𪜵 首,休朕寶君公伯,厥臣弟井五㮛 ,賜𧙧 冑、干戈,弗敢望公伯,對揚伯休。"
用,记持之用于,记,"伊耤 ,用事于考,永寳之。"
不,不無之我君,不,"隹 十又九年,王曰:者,亦虔秉丕經德,以克總光,於之學,𧻚𧻚 哉,弼,往捍庶盟,以祇光朕,今余其念乃有齋休祝,烈壯用爯 ,光之於肆,汝其用茲,綏安乃壽,思康樂,勿有不義,之於啻,唯王命,元,乃德,子孫永保。"
就,就是都事也,就,"自市,𫢁 陽丘、就方城、象禾、就柳、就繁陽、高丘、就下蔡、就居巢、郢。"
就,就是都事說,就,"自市,𫢁 陽丘、就方城、象禾、就柳、就繁陽、高丘、就下蔡、就居巢、郢。"
就,就都是西也,就,"自市,𫢁 陽丘、就方城、象禾、就柳、就繁陽、高丘、就下蔡、就居巢、郢。"
祖,宗皇祖公高,宗,"𧻚 ,夙夕聖爽,追孝于高辛公、文祖乙公、皇考丁,龢林鐘,用卲 各、喜樂前文人,用祓壽、匄 命,綽、福祿、純魯,皇祖考高對爾烈,嚴在上,,融綏厚多福,廣啟,擢于永命,褱 授余爾 福,其萬年,齊祿熾,宜文神,無疆景福,用光"
公,公等王子侯,公,"𧻚 ,夙夕聖爽,追孝于高辛公、文祖乙公、皇考丁,龢林鐘,用卲 各、喜樂前文人,用祓壽、匄 命,綽、福祿、純魯,皇祖考高對爾烈,嚴在上,,融綏厚多福,廣啟,擢于永命,褱 授余爾 福,其萬年,齊祿熾,宜文神,無疆景福,用光"
永,永長天延續,永,"𧻚 ,夙夕聖爽,追孝于高辛公、文祖乙公、皇考丁,龢林鐘,用卲 各、喜樂前文人,用祓壽、匄 命,綽、福祿、純魯,皇祖考高對爾烈,嚴在上,,融綏厚多福,廣啟,擢于永命,褱 授余爾 福,其萬年,齊祿熾,宜文神,無疆景福,用光"
光,烈盛光紅火,烈,"𧻚 ,夙夕聖爽,追孝于高辛公、文祖乙公、皇考丁,龢林鐘,用卲 各、喜樂前文人,用祓壽、匄 命,綽、福祿、純魯,皇祖考高對爾烈,嚴在上,,融綏厚多福,廣啟,擢于永命,褱 授余爾 福,其萬年,齊祿熾,宜文神,無疆景福,用光"
三,三六四二九,三,"隹 五年月,既死霸庚寅,王初格玁 于𫊣 。"
月,月日時夜夕,月,"隹 八既望,辰在甲申,昧爽,左三右多君入服酒,明,各周廟,□□□邦賓,延賓尊其旅服,東嚮,盂以旂佩,鬼方子□□入三門,告曰:王令盂以□□伐鬼,□□□聝 □,執酋三人,獲聝 四千八百又二聝 ,俘人萬三千八十一人,俘馬四□□匹,俘車卅輛,俘牛三五十五"
三,二三兩四一,二,"隹 八既望,辰在甲申,昧爽,左三右多君入服酒,明,各周廟,□□□邦賓,延賓尊其旅服,東嚮,盂以旂佩,鬼方子□□入三門,告曰:王令盂以□□伐鬼,□□□聝 □,執酋三人,獲聝 四千八百又二聝 ,俘人萬三千八十一人,俘馬四□□匹,俘車卅輛,俘牛三五十五"
邦,邦賓安諸禮,邦,"隹 八既望,辰在甲申,昧爽,左三右多君入服酒,明,各周廟,□□□邦賓,延賓尊其旅服,東嚮,盂以旂佩,鬼方子□□入三門,告曰:王令盂以□□伐鬼,□□□聝 □,執酋三人,獲聝 四千八百又二聝 ,俘人萬三千八十一人,俘馬四□□匹,俘車卅輛,俘牛三五十五"
方,方人王子奴,方,"隹 八既望,辰在甲申,昧爽,左三右多君入服酒,明,各周廟,□□□邦賓,延賓尊其旅服,東嚮,盂以旂佩,鬼方子□□入三門,告曰:王令盂以□□伐鬼,□□□聝 □,執酋三人,獲聝 四千八百又二聝 ,俘人萬三千八十一人,俘馬四□□匹,俘車卅輛,俘牛三五十五"
百,百千萬七八,百,"隹 八既望,辰在甲申,昧爽,左三右多君入服酒,明,各周廟,□□□邦賓,延賓尊其旅服,東嚮,盂以旂佩,鬼方子□□入三門,告曰:王令盂以□□伐鬼,□□□聝 □,執酋三人,獲聝 四千八百又二聝 ,俘人萬三千八十一人,俘馬四□□匹,俘車卅輛,俘牛三五十五"
年,年代歲世章,年,"隹 十四中山王作鼎,于銘曰:烏,語不廢哉,寡人聞之,其溺於人也,寧溺於淵,者,燕君子噲 叡夫悟,長為人主,閈 於天下之物,猶迷惑於子之而亡其邦,天下戮,而況在於少君乎,昔,吾先考成王,早棄群臣,寡人幼童,未通智,唯傅是從,天降休命于朕邦,厥忠"
為,於為令以至,於,"隹 十四中山王作鼎,于銘曰:烏,語不廢哉,寡人聞之,其溺於人也,寧溺於淵,者,燕君子噲 叡夫悟,長為人主,閈 於天下之物,猶迷惑於子之而亡其邦,天下戮,而況在於少君乎,昔,吾先考成王,早棄群臣,寡人幼童,未通智,唯傅是從,天降休命于朕邦,厥忠"
曰,曰言說道之,曰,"隹 五年月己丑,琱 甥有事,召合事,余獻氏以壺,告:以君氏令曰,余老止公,僕庸土田多,弋伯氏從,公宕其,汝則宕其貳,公宕其貳,汝則宕其一,惠于君氏大璋,報氏帛、璜,召伯虎曰:余既訊,我考我母令,余弗敢亂,余或致我考我母令,琱 則覲"
月,月日年歲辰,月,"隹 十,用玁 放𬌐 ,廣伐師,告追于王,命武公遣元士,羞追于京師,武公多友率公車,羞追于京師,癸未,戎伐,衣孚,多西追,甲申之辰,搏于,多友有折首執訊,凡以車折首二百又□又五人,訊廿又三人,俘戎車百乘一又七乘,卒復人俘,又于共"
京,京唐北偃宗,京,"隹 十,用玁 放𬌐 ,廣伐師,告追于王,命武公遣元士,羞追于京師,武公多友率公車,羞追于京師,癸未,戎伐,衣孚,多西追,甲申之辰,搏于,多友有折首執訊,凡以車折首二百又□又五人,訊廿又三人,俘戎車百乘一又七乘,卒復人俘,又于共"
友,友人以兵臣,友,"隹 十,用玁 放𬌐 ,廣伐師,告追于王,命武公遣元士,羞追于京師,武公多友率公車,羞追于京師,癸未,戎伐,衣孚,多西追,甲申之辰,搏于,多友有折首執訊,凡以車折首二百又□又五人,訊廿又三人,俘戎車百乘一又七乘,卒復人俘,又于共"
公,公戎軍兵騎,公,"隹 十,用玁 放𬌐 ,廣伐師,告追于王,命武公遣元士,羞追于京師,武公多友率公車,羞追于京師,癸未,戎伐,衣孚,多西追,甲申之辰,搏于,多友有折首執訊,凡以車折首二百又□又五人,訊廿又三人,俘戎車百乘一又七乘,卒復人俘,又于共"
執,執斬無受犯,執,"隹 十,用玁 放𬌐 ,廣伐師,告追于王,命武公遣元士,羞追于京師,武公多友率公車,羞追于京師,癸未,戎伐,衣孚,多西追,甲申之辰,搏于,多友有折首執訊,凡以車折首二百又□又五人,訊廿又三人,俘戎車百乘一又七乘,卒復人俘,又于共"
十,二十〇七百,二,"隹 十,用玁 放𬌐 ,廣伐師,告追于王,命武公遣元士,羞追于京師,武公多友率公車,羞追于京師,癸未,戎伐,衣孚,多西追,甲申之辰,搏于,多友有折首執訊,凡以車折首二百又□又五人,訊廿又三人,俘戎車百乘一又七乘,卒復人俘,又于共"
皇,皇王帝國聖,皇,"井人曰:景盄 文祖、皇考、克哲厥德,得純用魯,永于吉,不敢弗帥用文祖、考,穆穆秉德,,憲憲爽,處宗室,肆作龢大林鐘,用追孝侃前文人,前文人其嚴在上,,降厚多福無疆,其萬年,子孫孫永寶用享。"
子,子祖後兒君,子,"井人曰:景盄 文祖、皇考、克哲厥德,得純用魯,永于吉,不敢弗帥用文祖、考,穆穆秉德,,憲憲爽,處宗室,肆作龢大林鐘,用追孝侃前文人,前文人其嚴在上,,降厚多福無疆,其萬年,子孫孫永寶用享。"
以,不以並我恭,不,"𱯹 嚴之命,入城不賡,侍春稔,吉日初庚,吳王光𬨤 穆贈舒金,青鋁尃 皇,作持。"
之,事之功人命,事,"伊 ,用事于考,永寳用。"
子,子君我嗣吾,子,"隹 越又九年,王曰:者,汝虔秉丕經德,以克總光,之學,𧻚𧻚 哉,弼王,往捍庶盟,以祇光朕位,今余其念乃有齋休祝成,烈壯用爯 ,光之於肆,其用茲,綏安乃壽,思逸樂,勿有不義,之於不,唯王命,元,乃德,孫永保。"
命,命壽生年福,命,"𧻚𧻚 ,夙夕聖爽,追孝于高祖公、文祖乙公、皇考丁公,龢林鐘,用卲 各、喜侃前文人,用祓壽、匄 永,綽、福祿、純魯,弋祖考高對爾烈,嚴在上,,融綏厚多福,廣啟身,擢于永命,褱 授余爾𬹜 福,其萬年,齊祿熾光,宜文神,無疆景福,用"
月,月日旬年六,月,"隹 五年三,既死霸庚寅,王初格伐 于𫊣 。"
左,左中右旁上,左,"隹 八月望,辰在甲申,昧爽,三三右多君入服酒,明,王周廟,□□□邦賓,延邦尊其旅服,東嚮,盂以多佩,鬼方子□□入三門,曰:王令盂以□□伐鬼方,□□□聝 □,執酋三人,聝 四千八百又二聝 ,人萬三千八十一人,俘馬四□□匹,俘車卅輛,俘牛三百十五"
賓,賓君王之人,賓,"隹 八月望,辰在甲申,昧爽,三三右多君入服酒,明,王周廟,□□□邦賓,延邦尊其旅服,東嚮,盂以多佩,鬼方子□□入三門,曰:王令盂以□□伐鬼方,□□□聝 □,執酋三人,聝 四千八百又二聝 ,人萬三千八十一人,俘馬四□□匹,俘車卅輛,俘牛三百十五"
俘,俘捕擄掠敵,俘,"隹 八月望,辰在甲申,昧爽,三三右多君入服酒,明,王周廟,□□□邦賓,延邦尊其旅服,東嚮,盂以多佩,鬼方子□□入三門,曰:王令盂以□□伐鬼方,□□□聝 □,執酋三人,聝 四千八百又二聝 ,人萬三千八十一人,俘馬四□□匹,俘車卅輛,俘牛三百十五"
五,六八五三四,六,"隹 八月望,辰在甲申,昧爽,三三右多君入服酒,明,王周廟,□□□邦賓,延邦尊其旅服,東嚮,盂以多佩,鬼方子□□入三門,曰:王令盂以□□伐鬼方,□□□聝 □,執酋三人,聝 四千八百又二聝 ,人萬三千八十一人,俘馬四□□匹,俘車卅輛,俘牛三百十五"
其,不之其勿己,不,"隹 十四年中山王作鼎,于銘曰:烏乎,語不廢哉,寡人聞之,與溺於人也,寧溺於淵,昔,燕君子噲 叡夫悟,為人主,閈 於天下之物矣,猶迷惑於子之而亡其邦,為天下戮,而況在於少君乎,昔者,吾先考成王,早棄群臣,人幼童,未通智,唯傅姆從,天降休命于朕邦,有忠"
者,者時之矣今,者,"隹 十四年中山王作鼎,于銘曰:烏乎,語不廢哉,寡人聞之,與溺於人也,寧溺於淵,昔,燕君子噲 叡夫悟,為人主,閈 於天下之物矣,猶迷惑於子之而亡其邦,為天下戮,而況在於少君乎,昔者,吾先考成王,早棄群臣,人幼童,未通智,唯傅姆從,天降休命于朕邦,有忠"
月,月午年酉元,月,"隹 五年正己丑,琱 甥有事,召來事,余獻氏以壺,告曰:以君氏令曰,余老止公,庸土田多,弋伯氏從許,公宕其,汝則宕其貳,宕其貳,汝則宕其一,余于君氏大璋,報氏帛束、璜,召伯虎曰:余既訊,我考我母令,余弗敢亂,或致我考我母令,琱 甥覲"
公,公我君子私,公,"隹 五年正己丑,琱 甥有事,召來事,余獻氏以壺,告曰:以君氏令曰,余老止公,庸土田多,弋伯氏從許,公宕其,汝則宕其貳,宕其貳,汝則宕其一,余于君氏大璋,報氏帛束、璜,召伯虎曰:余既訊,我考我母令,余弗敢亂,或致我考我母令,琱 甥覲"
余,余又不若我,余,"隹 五年正己丑,琱 甥有事,召來事,余獻氏以壺,告曰:以君氏令曰,余老止公,庸土田多,弋伯氏從許,公宕其,汝則宕其貳,宕其貳,汝則宕其一,余于君氏大璋,報氏帛束、璜,召伯虎曰:余既訊,我考我母令,余弗敢亂,或致我考我母令,琱 甥覲"
之,之公一孫二,之,魯子仲子歸父為丌 膳敦。
五,一三四五二,一,"公賜彝一𫺟 ,賜鼎二,賜貝朋。"
師,師城中山關,師,"隹 十月,用玁 放𬌐 ,廣伐京,告追于王,命武公遣乃士,羞追于京師,武公命友率公車,羞追于京師,未,戎伐,衣孚,多友追,甲申之辰,搏于,多友有折首執訊,凡以公折首二百又□又五人,執廿又三人,俘戎車百乘一十七乘,卒復人俘,又搏共"
多,多三少大四,多,"隹 十月,用玁 放𬌐 ,廣伐京,告追于王,命武公遣乃士,羞追于京師,武公命友率公車,羞追于京師,未,戎伐,衣孚,多友追,甲申之辰,搏于,多友有折首執訊,凡以公折首二百又□又五人,執廿又三人,俘戎車百乘一十七乘,卒復人俘,又搏共"
車,車兵车友士,車,"隹 十月,用玁 放𬌐 ,廣伐京,告追于王,命武公遣乃士,羞追于京師,武公命友率公車,羞追于京師,未,戎伐,衣孚,多友追,甲申之辰,搏于,多友有折首執訊,凡以公折首二百又□又五人,執廿又三人,俘戎車百乘一十七乘,卒復人俘,又搏共"
訊,訊讯令警官,訊,"隹 十月,用玁 放𬌐 ,廣伐京,告追于王,命武公遣乃士,羞追于京師,武公命友率公車,羞追于京師,未,戎伐,衣孚,多友追,甲申之辰,搏于,多友有折首執訊,凡以公折首二百又□又五人,執廿又三人,俘戎車百乘一十七乘,卒復人俘,又搏共"
又,又二六八四,又,"隹 十月,用玁 放𬌐 ,廣伐京,告追于王,命武公遣乃士,羞追于京師,武公命友率公車,羞追于京師,未,戎伐,衣孚,多友追,甲申之辰,搏于,多友有折首執訊,凡以公折首二百又□又五人,執廿又三人,俘戎車百乘一十七乘,卒復人俘,又搏共"
于,于於與之在,于,"隹 十月,用玁 放𬌐 ,廣伐京,告追于王,命武公遣乃士,羞追于京師,武公命友率公車,羞追于京師,未,戎伐,衣孚,多友追,甲申之辰,搏于,多友有折首執訊,凡以公折首二百又□又五人,執廿又三人,俘戎車百乘一十七乘,卒復人俘,又搏共"
考,考論科祖學,考,"井人人曰:景盄 文祖、皇考、哲厥德,得純用魯,永終吉,不敢弗帥用文祖、皇,穆穆秉德,,憲憲聖,處宗室,肆作龢父林鐘,用追孝侃前文人,文人其嚴在上,,降余多福無疆,其萬年,子孫孫永寶用享。"
前,前後先今后,前,"井人人曰:景盄 文祖、皇考、哲厥德,得純用魯,永終吉,不敢弗帥用文祖、皇,穆穆秉德,,憲憲聖,處宗室,肆作龢父林鐘,用追孝侃前文人,文人其嚴在上,,降余多福無疆,其萬年,子孫孫永寶用享。"
子,子兒女後嗣,子,"井人人曰:景盄 文祖、皇考、哲厥德,得純用魯,永終吉,不敢弗帥用文祖、皇,穆穆秉德,,憲憲聖,處宗室,肆作龢父林鐘,用追孝侃前文人,文人其嚴在上,,降余多福無疆,其萬年,子孫孫永寶用享。"
之,奉之受應一,奉,"𱯹 嚴天命,入城不賡,侍春稔歲,吉日初庚,吳王光𬨤 之贈舒金,青鋁尃 皇,以持。"
臣,子臣君我大,子,"拜𪜵 首,休朕寶君公伯,賜厥弟井五㮛 ,賜𧙧 冑、干戈,弗敢望公伯休,揚伯休。"
樂,樂康德泰生,樂,"隹 越十九年,王曰:者,汝亦秉丕經德,以克總光,於學,𧻚𧻚 哉,弼王,往捍庶盟,以祇光朕位,余其念乃有齋休祝成,壯用爯 ,光之於肆,汝用茲,綏安乃壽,思逸康,勿有不義,之於不啻,唯王命,元,乃德,子永保。"
孫,嗣孫之民君,嗣,"隹 越十九年,王曰:者,汝亦秉丕經德,以克總光,於學,𧻚𧻚 哉,弼王,往捍庶盟,以祇光朕位,余其念乃有齋休祝成,壯用爯 ,光之於肆,汝用茲,綏安乃壽,思逸康,勿有不義,之於不啻,唯王命,元,乃德,子永保。"
年,年岁字代日,年,"2. 117021.代:战国晚期2.釋文:十五,守相埶 、廉頗、邦左工師采、冶句劑,大尹公孫桴 。"
公,公王賢祖帝,公,"𧻚𧻚 ,夙夕聖爽,追孝于高祖辛、文祖乙公、皇考丁公,林鐘,用卲 各、喜侃樂文人,用祓壽、匄 永命,綽、福祿、純魯,弋皇考高對爾烈,嚴在上,,融綏厚多福,廣啟身,于永命,褱 授余爾𬹜 ,其萬年,齊祿熾光,文神,無疆景福,用光"
福,壽年命人福,壽,"𧻚𧻚 ,夙夕聖爽,追孝于高祖辛、文祖乙公、皇考丁公,林鐘,用卲 各、喜侃樂文人,用祓壽、匄 永命,綽、福祿、純魯,弋皇考高對爾烈,嚴在上,,融綏厚多福,廣啟身,于永命,褱 授余爾𬹜 ,其萬年,齊祿熾光,文神,無疆景福,用光"
三,四三六二一,四,"隹 八月既,辰在甲申,昧爽,三左右多君入服酒,明,王各廟,□□□邦賓,延邦賓其旅服,東嚮,盂以多旂,鬼方子□□入三門,告:王令盂以□□伐鬼方,□□□聝 □,執酋三人,獲 四千八百又二聝 ,俘萬三千八十一人,俘馬四□□,俘車卅輛,俘牛三百五十五"
曰,王明曰旨之,王,"隹 八月既,辰在甲申,昧爽,三左右多君入服酒,明,王各廟,□□□邦賓,延邦賓其旅服,東嚮,盂以多旂,鬼方子□□入三門,告:王令盂以□□伐鬼方,□□□聝 □,執酋三人,獲 四千八百又二聝 ,俘萬三千八十一人,俘馬四□□,俘車卅輛,俘牛三百五十五"
匹,匹輛隻頭騎,匹,"隹 八月既,辰在甲申,昧爽,三左右多君入服酒,明,王各廟,□□□邦賓,延邦賓其旅服,東嚮,盂以多旂,鬼方子□□入三門,告:王令盂以□□伐鬼方,□□□聝 □,執酋三人,獲 四千八百又二聝 ,俘萬三千八十一人,俘馬四□□,俘車卅輛,俘牛三百五十五"
王,王以之胤公,王,"隹 十四年中山作鼎,于銘曰:烏乎,不廢哉,寡人聞之,與其於人也,寧溺於淵,昔者,燕君子噲 叡夫悟,長人主,閈 於天下之物矣,迷惑於子之而亡其邦,為天下,而況在於少君乎,昔者,先考成王,早棄群臣,寡幼童,未通智,唯傅姆是,天降休命于朕邦,有厥"
溺,溺死流亡廢,溺,"隹 十四年中山作鼎,于銘曰:烏乎,不廢哉,寡人聞之,與其於人也,寧溺於淵,昔者,燕君子噲 叡夫悟,長人主,閈 於天下之物矣,迷惑於子之而亡其邦,為天下,而況在於少君乎,昔者,先考成王,早棄群臣,寡幼童,未通智,唯傅姆是,天降休命于朕邦,有厥"
為,為任於君之,為,"隹 十四年中山作鼎,于銘曰:烏乎,不廢哉,寡人聞之,與其於人也,寧溺於淵,昔者,燕君子噲 叡夫悟,長人主,閈 於天下之物矣,迷惑於子之而亡其邦,為天下,而況在於少君乎,昔者,先考成王,早棄群臣,寡幼童,未通智,唯傅姆是,天降休命于朕邦,有厥"
吾,我曾吾他朕,我,"隹 十四年中山作鼎,于銘曰:烏乎,不廢哉,寡人聞之,與其於人也,寧溺於淵,昔者,燕君子噲 叡夫悟,長人主,閈 於天下之物矣,迷惑於子之而亡其邦,為天下,而況在於少君乎,昔者,先考成王,早棄群臣,寡幼童,未通智,唯傅姆是,天降休命于朕邦,有厥"
事,議事告問會,議,"隹 五年正月丑,琱 甥有事,召來合,余獻氏以壺,告曰:君氏令曰,余老止公,僕土田多,弋伯氏從許,宕其,汝則宕其貳,公其貳,汝則宕其一,余惠君氏大璋,報氏帛束、,召伯虎曰:余既訊,考我母令,余弗敢亂,余致我考我母令,琱 甥則"
公,公我君子私,公,"隹 五年正月丑,琱 甥有事,召來合,余獻氏以壺,告曰:君氏令曰,余老止公,僕土田多,弋伯氏從許,宕其,汝則宕其貳,公其貳,汝則宕其一,余惠君氏大璋,報氏帛束、,召伯虎曰:余既訊,考我母令,余弗敢亂,余致我考我母令,琱 甥則"
宕,宕押則止妾,宕,"隹 五年正月丑,琱 甥有事,召來合,余獻氏以壺,告曰:君氏令曰,余老止公,僕土田多,弋伯氏從許,宕其,汝則宕其貳,公其貳,汝則宕其一,余惠君氏大璋,報氏帛束、,召伯虎曰:余既訊,考我母令,余弗敢亂,余致我考我母令,琱 甥則"
我,我必不故即,我,"隹 五年正月丑,琱 甥有事,召來合,余獻氏以壺,告曰:君氏令曰,余老止公,僕土田多,弋伯氏從許,宕其,汝則宕其貳,公其貳,汝則宕其一,余惠君氏大璋,報氏帛束、,召伯虎曰:余既訊,考我母令,余弗敢亂,余致我考我母令,琱 甥則"
子,子兄孫父夫,子,魯子仲之歸父為丌 膳敦。
友,友臣人夫知,友,"隹 十月,玁 放𬌐 ,廣伐京師,告追于王,命武公遣乃元,羞追于京師,武公命多率公車,羞追于京師,癸,戎伐,衣孚,多友西,甲申之辰,搏于,友有折首執訊,凡以公車首二百又□又五人,執訊又三人,俘戎車百乘一十又乘,卒復人俘,又搏于"
多,多之三全大,多,"隹 十月,玁 放𬌐 ,廣伐京師,告追于王,命武公遣乃元,羞追于京師,武公命多率公車,羞追于京師,癸,戎伐,衣孚,多友西,甲申之辰,搏于,友有折首執訊,凡以公車首二百又□又五人,執訊又三人,俘戎車百乘一十又乘,卒復人俘,又搏于"
折,折斬屈返之,折,"隹 十月,玁 放𬌐 ,廣伐京師,告追于王,命武公遣乃元,羞追于京師,武公命多率公車,羞追于京師,癸,戎伐,衣孚,多友西,甲申之辰,搏于,友有折首執訊,凡以公車首二百又□又五人,執訊又三人,俘戎車百乘一十又乘,卒復人俘,又搏于"
曰,言曰人說文,言,"井人人:景盄 文祖、皇考、克厥德,得純用魯,永終于,不敢弗帥用文祖、皇考,穆穆秉德,,憲憲聖爽,處宗室,肆作龢父大鐘,用追孝侃前文人,前人其嚴在上,,降余厚福無疆,其萬年,子子孫永寶用享。"
文,文聖賢哲書,文,"井人人:景盄 文祖、皇考、克厥德,得純用魯,永終于,不敢弗帥用文祖、皇考,穆穆秉德,,憲憲聖爽,處宗室,肆作龢父大鐘,用追孝侃前文人,前人其嚴在上,,降余厚福無疆,其萬年,子子孫永寶用享。"
孫,孫孙子祖後,孫,"井人人:景盄 文祖、皇考、克厥德,得純用魯,永終于,不敢弗帥用文祖、皇考,穆穆秉德,,憲憲聖爽,處宗室,肆作龢父大鐘,用追孝侃前文人,前人其嚴在上,,降余厚福無疆,其萬年,子子孫永寶用享。"
公,伯母公家父,伯,"榮伯虖 卯曰:載乃先且考死榮室,昔乃祖亦既令乃父死人,不淑,捋我家,用喪。"
命,年命子父王,年,"𱯹 嚴天之,入城不賡,侍春稔歲,日初庚,吳王光𬨤 之穆舒金,青鋁尃 皇,以作。"
九,二六八九三,二,"隹 越十又年,王曰:者,汝亦虔丕經德,以克總光,於之學,𧻚𧻚 哉,弼王,捍庶盟,以祇光朕位,今其念乃有齋休祝成,烈用爯 ,光之於肆,汝其茲,綏安乃壽,思逸康樂,勿有不義,之於不啻,王命,元,乃德,子孫保。"
命,之公的法命,之,𪱛 氏授王書。
右,右左邊旁向,右,"隹 八月既望,辰在甲申,昧爽,三左三多君入服酒,明,王各周,□□□邦賓,延邦賓尊旅服,東嚮,盂以多旂佩,鬼方子□□入三門,告曰:王令盂以□□伐鬼方,□□□聝 □,執酋三人,獲聝 四千八百又二聝 ,俘人三千八十一人,俘馬四□□匹,俘車卅輛,俘牛三百五十五"
不,之不焉言若,之,"隹 十四年中山王作鼎,于銘曰:烏乎,語廢哉,寡人聞之,與其溺人也,寧溺於淵,昔者,君子噲 叡夫悟,長為主,閈 於天下之物矣,猶迷惑於子之而亡其邦,為天下戮,而況在於少君乎,昔者,吾考成王,早棄群臣,寡人童,未通智,唯傅姆是從,天降休命于朕邦,有厥忠"
於,於于之其得,於,"隹 十四年中山王作鼎,于銘曰:烏乎,語廢哉,寡人聞之,與其溺人也,寧溺於淵,昔者,君子噲 叡夫悟,長為主,閈 於天下之物矣,猶迷惑於子之而亡其邦,為天下戮,而況在於少君乎,昔者,吾考成王,早棄群臣,寡人童,未通智,唯傅姆是從,天降休命于朕邦,有厥忠"
幼,之幼如孩若,之,"隹 十四年中山王作鼎,于銘曰:烏乎,語廢哉,寡人聞之,與其溺人也,寧溺於淵,昔者,君子噲 叡夫悟,長為主,閈 於天下之物矣,猶迷惑於子之而亡其邦,為天下戮,而況在於少君乎,昔者,吾考成王,早棄群臣,寡人童,未通智,唯傅姆是從,天降休命于朕邦,有厥忠"
午,辰午戌生月,辰,"隹 八月初吉壬,井南伯作季姚好尊𣪕 。"
宕,宕押攬止賜,宕,"隹 五年正月己,琱 甥有事,召來合事,余獻氏以壺,告曰:以氏令曰,余老止公,僕庸田多,弋伯氏從許,公其,汝則宕其貳,公宕貳,汝則宕其一,余惠于氏大璋,報氏帛束、璜,召伯虎曰:余既訊,我我母令,余弗敢亂,余或我考我母令,琱 甥則覲"
其,其之於時至,其,"隹 五年正月己,琱 甥有事,召來合事,余獻氏以壺,告曰:以氏令曰,余老止公,僕庸田多,弋伯氏從許,公其,汝則宕其貳,公宕貳,汝則宕其一,余惠于氏大璋,報氏帛束、璜,召伯虎曰:余既訊,我我母令,余弗敢亂,余或我考我母令,琱 甥則覲"
考,考聽問信守,考,"隹 五年正月己,琱 甥有事,召來合事,余獻氏以壺,告曰:以氏令曰,余老止公,僕庸田多,弋伯氏從許,公其,汝則宕其貳,公宕貳,汝則宕其一,余惠于氏大璋,報氏帛束、璜,召伯虎曰:余既訊,我我母令,余弗敢亂,余或我考我母令,琱 甥則覲"
友,友人臣首知,友,"隹 十月,用 放𬌐 ,廣伐京師,追于王,命武公遣乃元士,羞追于京師,武公命多友公車,羞追于京師,癸未,戎伐,衣孚,多友西追,甲申之辰,搏于,多有折首執訊,凡以公車折二百又□又五人,執訊廿三人,俘戎車百乘一十又七,卒復人俘,又搏于共"
首,首兵甲捕伏,首,"隹 十月,用 放𬌐 ,廣伐京師,追于王,命武公遣乃元士,羞追于京師,武公命多友公車,羞追于京師,癸未,戎伐,衣孚,多友西追,甲申之辰,搏于,多有折首執訊,凡以公車折二百又□又五人,執訊廿三人,俘戎車百乘一十又七,卒復人俘,又搏于共"
又,又六二四七,又,"隹 十月,用 放𬌐 ,廣伐京師,追于王,命武公遣乃元士,羞追于京師,武公命多友公車,羞追于京師,癸未,戎伐,衣孚,多友西追,甲申之辰,搏于,多有折首執訊,凡以公車折二百又□又五人,執訊廿三人,俘戎車百乘一十又七,卒復人俘,又搏于共"
人,人祖宗君帝,人,"井人人曰:景盄 文祖、皇考、克哲德,得純用魯,永終于吉,不敢弗帥用文祖、皇考,穆秉德,,憲憲聖爽,處宗室,肆作龢父大林,用追孝侃前文人,前文其嚴在上,,降余厚多無疆,其萬年,子子孫永寶用享。"
孫,孫孙代祖後,孫,"井人人曰:景盄 文祖、皇考、克哲德,得純用魯,永終于吉,不敢弗帥用文祖、皇考,穆秉德,,憲憲聖爽,處宗室,肆作龢父大林,用追孝侃前文人,前文其嚴在上,,降余厚多無疆,其萬年,子子孫永寶用享。"
年,日年月天夜,日,"隹 越十又九,王曰:者,汝亦虔秉經德,以克總光,於之,𧻚𧻚 哉,弼王,往庶盟,以祇光朕位,今余念乃有齋休祝成,烈壯爯 ,光之於肆,汝其用,綏安乃壽,思逸康樂,有不義,之於不啻,唯命,元,乃德,子孫永。"
勿,未無莫勿萬,未,"隹 越十又九,王曰:者,汝亦虔秉經德,以克總光,於之,𧻚𧻚 哉,弼王,往庶盟,以祇光朕位,今余念乃有齋休祝成,烈壯爯 ,光之於肆,汝其用,綏安乃壽,思逸康樂,有不義,之於不啻,唯命,元,乃德,子孫永。"
就,就是都事似,就,"自鄂市,𫢁 陽丘、就方城、就象禾、柳、就繁陽、就高丘、下蔡、就居巢、就郢。"
就,就是都事也,就,"自鄂市,𫢁 陽丘、就方城、就象禾、柳、就繁陽、就高丘、下蔡、就居巢、就郢。"
萬,萬年終長陳,萬,"用享用𫗍 ,年眉壽,在位。"
公,子公和氏家,子,"2. 117021.斷代:战国晚期2.釋文:十五年,相埶 、廉頗、邦左庫工采、冶句劑,大工尹孫桴 。"
人,文人言等公,文,"𧻚𧻚 ,夙聖爽,追孝于高祖辛公、祖乙公、皇考丁公,龢林,用卲 各、喜侃樂前文,用祓壽、匄 永命,綽、福祿、純魯,弋皇祖考對爾烈,嚴在上,,融厚多福,廣啟身,擢于命,褱 授余爾𬹜 福,其萬年,齊祿熾光,宜文,無疆景福,用光"
永,永長天大高,永,"𧻚𧻚 ,夙聖爽,追孝于高祖辛公、祖乙公、皇考丁公,龢林,用卲 各、喜侃樂前文,用祓壽、匄 永命,綽、福祿、純魯,弋皇祖考對爾烈,嚴在上,,融厚多福,廣啟身,擢于命,褱 授余爾𬹜 福,其萬年,齊祿熾光,宜文,無疆景福,用光"
鬼,鬼二王大龍,鬼,"隹 八月既望,在甲申,昧爽,三左三右君入服酒,明,王各周廟,□□□邦賓,延邦賓尊其服,東嚮,盂以多旂佩,方子□□入三門,告曰:令盂以□□伐鬼方,□□□聝 □,執酋三人,獲聝 千八百又二聝 ,俘人萬千八十一人,俘馬四□□匹,車卅輛,俘牛三百五十五"
王,王朕我請皇,王,"隹 八月既望,在甲申,昧爽,三左三右君入服酒,明,王各周廟,□□□邦賓,延邦賓尊其服,東嚮,盂以多旂佩,方子□□入三門,告曰:令盂以□□伐鬼方,□□□聝 □,執酋三人,獲聝 千八百又二聝 ,俘人萬千八十一人,俘馬四□□匹,車卅輛,俘牛三百五十五"
四,四六八七五,四,"隹 八月既望,在甲申,昧爽,三左三右君入服酒,明,王各周廟,□□□邦賓,延邦賓尊其服,東嚮,盂以多旂佩,方子□□入三門,告曰:令盂以□□伐鬼方,□□□聝 □,執酋三人,獲聝 千八百又二聝 ,俘人萬千八十一人,俘馬四□□匹,車卅輛,俘牛三百五十五"
三,二三六八五,二,"隹 八月既望,在甲申,昧爽,三左三右君入服酒,明,王各周廟,□□□邦賓,延邦賓尊其服,東嚮,盂以多旂佩,方子□□入三門,告曰:令盂以□□伐鬼方,□□□聝 □,執酋三人,獲聝 千八百又二聝 ,俘人萬千八十一人,俘馬四□□匹,車卅輛,俘牛三百五十五"
俘,俘捕擄掠虜,俘,"隹 八月既望,在甲申,昧爽,三左三右君入服酒,明,王各周廟,□□□邦賓,延邦賓尊其服,東嚮,盂以多旂佩,方子□□入三門,告曰:令盂以□□伐鬼方,□□□聝 □,執酋三人,獲聝 千八百又二聝 ,俘人萬千八十一人,俘馬四□□匹,車卅輛,俘牛三百五十五"
余,又余後並遂,又,"隹 五年正月己丑,琱 甥有事,召來合事,獻氏以壺,告曰:以君令曰,余老止公,僕庸土多,弋伯氏從許,公宕,汝則宕其貳,公宕其,汝則宕其一,余惠于君大璋,報氏帛束、璜,伯虎曰:余既訊,我考母令,余弗敢亂,余或致考我母令,琱 甥則覲"
其,其之一至於,其,"隹 五年正月己丑,琱 甥有事,召來合事,獻氏以壺,告曰:以君令曰,余老止公,僕庸土多,弋伯氏從許,公宕,汝則宕其貳,公宕其,汝則宕其一,余惠于君大璋,報氏帛束、璜,伯虎曰:余既訊,我考母令,余弗敢亂,余或致考我母令,琱 甥則覲"
貳,貳壹一三二,貳,"隹 五年正月己丑,琱 甥有事,召來合事,獻氏以壺,告曰:以君令曰,余老止公,僕庸土多,弋伯氏從許,公宕,汝則宕其貳,公宕其,汝則宕其一,余惠于君大璋,報氏帛束、璜,伯虎曰:余既訊,我考母令,余弗敢亂,余或致考我母令,琱 甥則覲"
我,我君你其汝,我,"隹 五年正月己丑,琱 甥有事,召來合事,獻氏以壺,告曰:以君令曰,余老止公,僕庸土多,弋伯氏從許,公宕,汝則宕其貳,公宕其,汝則宕其一,余惠于君大璋,報氏帛束、璜,伯虎曰:余既訊,我考母令,余弗敢亂,余或致考我母令,琱 甥則覲"
我,不我你未君,不,"隹 五年正月己丑,琱 甥有事,召來合事,獻氏以壺,告曰:以君令曰,余老止公,僕庸土多,弋伯氏從許,公宕,汝則宕其貳,公宕其,汝則宕其一,余惠于君大璋,報氏帛束、璜,伯虎曰:余既訊,我考母令,余弗敢亂,余或致考我母令,琱 甥則覲"
羞,羞西北南攻,羞,"隹 十月,用玁 放𬌐 ,廣伐京師,告于王,命武公遣乃元士,追于京師,武公命多友率車,羞追于京師,癸未,伐,衣孚,多友西追,申之辰,搏于,多友折首執訊,凡以公車折首百又□又五人,執訊廿又三人,俘戎車百乘一十又七乘,卒復人俘,又搏于共"
公,公戎兵舟大,公,"隹 十月,用玁 放𬌐 ,廣伐京師,告于王,命武公遣乃元士,追于京師,武公命多友率車,羞追于京師,癸未,伐,衣孚,多友西追,申之辰,搏于,多友折首執訊,凡以公車折首百又□又五人,執訊廿又三人,俘戎車百乘一十又七乘,卒復人俘,又搏于共"
二,二一三六四,二,"隹 十月,用玁 放𬌐 ,廣伐京師,告于王,命武公遣乃元士,追于京師,武公命多友率車,羞追于京師,癸未,伐,衣孚,多友西追,申之辰,搏于,多友折首執訊,凡以公車折首百又□又五人,執訊廿又三人,俘戎車百乘一十又七乘,卒復人俘,又搏于共"
穆,穆公德皇大,穆,"井人人曰:盄 文祖、皇考、克哲厥,得純用魯,永終于吉,不敢弗帥用文祖、皇考,穆秉德,,憲憲聖爽,宗室,肆作龢父大林鐘,用追孝侃前文人,前文人嚴在上,,降余厚多福疆,其萬年,子子孫孫寶用享。"
無,大無在之滿,大,"井人人曰:盄 文祖、皇考、克哲厥,得純用魯,永終于吉,不敢弗帥用文祖、皇考,穆秉德,,憲憲聖爽,宗室,肆作龢父大林鐘,用追孝侃前文人,前文人嚴在上,,降余厚多福疆,其萬年,子子孫孫寶用享。"
金,年天金城子,年,"𱯹 嚴天之命,城不賡,侍春稔歲,吉日庚,吳王光𬨤 之穆贈舒,青鋁尃 皇,以作持。"
休,公休樂好拜,公,"拜𪜵 首,朕寶君公伯,賜厥臣弟五㮛 ,賜𧙧 冑、干戈,弗敢望公伯休,對揚伯。"
年,年歲壽里金,年,"用享用𫗍 ,萬眉壽,在位。"
祖,神人王祖公,神,"𧻚𧻚 ,夙夕爽,追孝于高祖辛公、文乙公、皇考丁公,龢林鐘,用卲 各、喜侃樂前文人,用祓壽、匄 永命,綽、福祿、純魯,弋皇祖考高爾烈,嚴在上,,融綏多福,廣啟身,擢于永,褱 授余爾𬹜 福,萬年,齊祿熾光,宜文神,無疆景福,用光"
命,生壽命年世,生,"𧻚𧻚 ,夙夕爽,追孝于高祖辛公、文乙公、皇考丁公,龢林鐘,用卲 各、喜侃樂前文人,用祓壽、匄 永命,綽、福祿、純魯,弋皇祖考高爾烈,嚴在上,,融綏多福,廣啟身,擢于永,褱 授余爾𬹜 福,萬年,齊祿熾光,宜文神,無疆景福,用光"
方,之方太公皇,之,"隹 八月既望,辰甲申,昧爽,三左三右多入服酒,明,王各周廟,□□□邦賓,延邦賓尊其旅,東嚮,盂以多旂佩,鬼子□□入三門,告曰:王盂以□□伐鬼方,□□□ □,執酋三人,獲聝 四八百又二聝 ,俘人萬三八十一人,俘馬四□□匹,俘卅輛,俘牛三百五十五"
千,千萬百十七,千,"隹 八月既望,辰甲申,昧爽,三左三右多入服酒,明,王各周廟,□□□邦賓,延邦賓尊其旅,東嚮,盂以多旂佩,鬼子□□入三門,告曰:王盂以□□伐鬼方,□□□ □,執酋三人,獲聝 四八百又二聝 ,俘人萬三八十一人,俘馬四□□匹,俘卅輛,俘牛三百五十五"
千,百千七十八,百,"隹 八月既望,辰甲申,昧爽,三左三右多入服酒,明,王各周廟,□□□邦賓,延邦賓尊其旅,東嚮,盂以多旂佩,鬼子□□入三門,告曰:王盂以□□伐鬼方,□□□ □,執酋三人,獲聝 四八百又二聝 ,俘人萬三八十一人,俘馬四□□匹,俘卅輛,俘牛三百五十五"
車,車驢馬牛轎,車,"隹 八月既望,辰甲申,昧爽,三左三右多入服酒,明,王各周廟,□□□邦賓,延邦賓尊其旅,東嚮,盂以多旂佩,鬼子□□入三門,告曰:王盂以□□伐鬼方,□□□ □,執酋三人,獲聝 四八百又二聝 ,俘人萬三八十一人,俘馬四□□匹,俘卅輛,俘牛三百五十五"
子,之王吾子曰,之,"隹 十四年中山王作,于銘曰:烏乎,語不廢,寡人聞之,與其溺於人,寧溺於淵,昔者,燕君噲 叡夫悟,長為人主,閈 於天下之物矣,猶迷惑於之而亡其邦,為天下戮,而在於少君乎,昔者,吾先考王,早棄群臣,寡人幼童,未通智,唯傅姆是從,天休命于朕邦,有厥忠"
令,之言告詔令,之,"隹 五年正月己丑, 甥有事,召來合事,余氏以壺,告曰:以君氏曰,余老止公,僕庸土田,弋伯氏從許,公宕其,汝則宕其貳,公宕其貳,汝則宕其一,余惠于君氏璋,報氏帛束、璜,召虎曰:余既訊,我考我令,余弗敢亂,余或致我我母令,琱 甥則覲"
母,母父公女媽,母,"隹 五年正月己丑, 甥有事,召來合事,余氏以壺,告曰:以君氏曰,余老止公,僕庸土田,弋伯氏從許,公宕其,汝則宕其貳,公宕其貳,汝則宕其一,余惠于君氏璋,報氏帛束、璜,召虎曰:余既訊,我考我令,余弗敢亂,余或致我我母令,琱 甥則覲"
考,考問聽尋查,考,"隹 五年正月己丑, 甥有事,召來合事,余氏以壺,告曰:以君氏曰,余老止公,僕庸土田,弋伯氏從許,公宕其,汝則宕其貳,公宕其貳,汝則宕其一,余惠于君氏璋,報氏帛束、璜,召虎曰:余既訊,我考我令,余弗敢亂,余或致我我母令,琱 甥則覲"
王,不王一日公,不,"隹 王卅又四祀,唯五月既戊午,王在京,禘 於昭王,鮮蔑,祼王𬔧 ,祼玉三品,貝廿朋,對休,用作,子孫其永寶。"
追,追捕殺逃擊,追,"隹 十月,用玁 放𬌐 ,廣伐京師,告追王,命武公遣乃元士,羞于京師,武公命多友率公,羞追于京師,癸未,戎,衣孚,多友西追,甲之辰,搏于,多友有首執訊,凡以公車折首二又□又五人,執訊廿又三人,俘戎車百乘一十又七乘,復人俘,又搏于共"
車,車车兵軍馬,車,"隹 十月,用玁 放𬌐 ,廣伐京師,告追王,命武公遣乃元士,羞于京師,武公命多友率公,羞追于京師,癸未,戎,衣孚,多友西追,甲之辰,搏于,多友有首執訊,凡以公車折首二又□又五人,執訊廿又三人,俘戎車百乘一十又七乘,復人俘,又搏于共"
折,折六半三四,折,"隹 十月,用玁 放𬌐 ,廣伐京師,告追王,命武公遣乃元士,羞于京師,武公命多友率公,羞追于京師,癸未,戎,衣孚,多友西追,甲之辰,搏于,多友有首執訊,凡以公車折首二又□又五人,執訊廿又三人,俘戎車百乘一十又七乘,復人俘,又搏于共"
百,百十〇七五,百,"隹 十月,用玁 放𬌐 ,廣伐京師,告追王,命武公遣乃元士,羞于京師,武公命多友率公,羞追于京師,癸未,戎,衣孚,多友西追,甲之辰,搏于,多友有首執訊,凡以公車折首二又□又五人,執訊廿又三人,俘戎車百乘一十又七乘,復人俘,又搏于共"
不,乃我不今阿,乃,"榮伯虖 命卯曰:載乃先且考死榮公室,乃祖亦既令乃父死人,淑,捋我家,用喪。"
王,王帝皇胤詔,王,"隹 越十又九年,曰:者,汝亦虔秉丕經,以克總光,於之學,𧻚 哉,弼王,往捍庶,以祇光朕位,今余其念乃有齋休祝成,烈壯用爯 ,光之於肆,汝其用茲,安乃壽,思逸康樂,勿有義,之於不啻,唯王命,元,乃德,子孫永保。"
不,不私大疑非,不,"隹 越十又九年,曰:者,汝亦虔秉丕經,以克總光,於之學,𧻚 哉,弼王,往捍庶,以祇光朕位,今余其念乃有齋休祝成,烈壯用爯 ,光之於肆,汝其用茲,安乃壽,思逸康樂,勿有義,之於不啻,唯王命,元,乃德,子孫永保。"
国,朝国宋國代,朝,"2. 117021.斷代:战晚期2.釋文:十五年,守相 、廉頗、邦左庫工師采、冶句劑,大工尹公孫 。"
萬,餘長晚生萬,餘,"𧻚𧻚 ,夙夕聖,追孝于高祖辛公、文祖公、皇考丁公,龢林鐘,卲 各、喜侃樂前文人,祓壽、匄 永命,綽、祿、純魯,弋皇祖考高對烈,嚴在上,,融綏厚福,廣啟身,擢于永命,褱 授余爾𬹜 福,其年,齊祿熾光,宜文神,疆景福,用光"
無,大廣無天南,大,"𧻚𧻚 ,夙夕聖,追孝于高祖辛公、文祖公、皇考丁公,龢林鐘,卲 各、喜侃樂前文人,祓壽、匄 永命,綽、祿、純魯,弋皇祖考高對烈,嚴在上,,融綏厚福,廣啟身,擢于永命,褱 授余爾𬹜 福,其年,齊祿熾光,宜文神,疆景福,用光"
八,六八二七三,六,"隹 八月既望,辰在申,昧爽,三左三右多君服酒,明,王各周廟,□□□邦賓,延邦賓尊其旅服,東嚮,盂以多旂佩,鬼方□□入三門,告曰:王令以□□伐鬼方,□□□聝 □,執酋三人,獲聝 四千百又二聝 ,俘人萬三千八十一人,俘馬四□□匹,俘車輛,俘牛三百五十五"
之,之孫民君嗣,之,"隹 十四年中山王作鼎,于銘曰:烏乎,語不廢哉,寡人聞之,與其溺於人也,寧溺於淵,昔者,燕君子 叡夫悟,長為人主, 於天下之物矣,猶迷惑於子而亡其邦,為天下戮,而況在於少君乎,昔者,吾先考成,早棄群臣,寡人幼童,通智,唯傅姆是從,天降命于朕邦,有厥忠"
王,者道王士賢,者,"隹 十四年中山王作鼎,于銘曰:烏乎,語不廢哉,寡人聞之,與其溺於人也,寧溺於淵,昔者,燕君子 叡夫悟,長為人主, 於天下之物矣,猶迷惑於子而亡其邦,為天下戮,而況在於少君乎,昔者,吾先考成,早棄群臣,寡人幼童,通智,唯傅姆是從,天降命于朕邦,有厥忠"
未,不無未尚吾,不,"隹 十四年中山王作鼎,于銘曰:烏乎,語不廢哉,寡人聞之,與其溺於人也,寧溺於淵,昔者,燕君子 叡夫悟,長為人主, 於天下之物矣,猶迷惑於子而亡其邦,為天下戮,而況在於少君乎,昔者,吾先考成,早棄群臣,寡人幼童,通智,唯傅姆是從,天降命于朕邦,有厥忠"
汝,汝君我臣僕,汝,"隹 五年正月己丑,琱 甥有事,召來合事,余獻氏以壺,告曰:以君氏令,余老止公,僕庸土田多,弋伯氏從許,公宕其,汝則宕其貳,公宕其貳,則宕其一,余惠于君氏大,報氏帛束、璜,召伯曰:余既訊,我考我母,余弗敢亂,余或致我考母令,琱 甥則覲"
令,令旨權府使,令,"隹 五年正月己丑,琱 甥有事,召來合事,余獻氏以壺,告曰:以君氏令,余老止公,僕庸土田多,弋伯氏從許,公宕其,汝則宕其貳,公宕其貳,則宕其一,余惠于君氏大,報氏帛束、璜,召伯曰:余既訊,我考我母,余弗敢亂,余或致我考母令,琱 甥則覲"
我,我你他其汝,我,"隹 五年正月己丑,琱 甥有事,召來合事,余獻氏以壺,告曰:以君氏令,余老止公,僕庸土田多,弋伯氏從許,公宕其,汝則宕其貳,公宕其貳,則宕其一,余惠于君氏大,報氏帛束、璜,召伯曰:余既訊,我考我母,余弗敢亂,余或致我考母令,琱 甥則覲"
年,壽歲世年代,壽,"隹 曾伯文自作寶,用賜眉壽、黃耇 ,其萬,子子孫孫。"
于,于於至在了,于,"隹 十月,用玁 𬌐 ,廣伐京師,告追于,命武公遣乃元士,羞追京師,武公命多友率公車,羞追于京師,癸未,戎伐,衣孚,多友西追,甲申辰,搏于,多友有折執訊,凡以公車折首二百□又五人,執訊廿又三人,戎車百乘一十又七乘,卒人俘,又搏于共"
首,首兵及和甲,首,"隹 十月,用玁 𬌐 ,廣伐京師,告追于,命武公遣乃元士,羞追京師,武公命多友率公車,羞追于京師,癸未,戎伐,衣孚,多友西追,甲申辰,搏于,多友有折執訊,凡以公車折首二百□又五人,執訊廿又三人,戎車百乘一十又七乘,卒人俘,又搏于共"
德,公賢德義秉,公,"井人人曰:景盄 文祖、皇考、克哲厥德,純用魯,永終于吉,不敢帥用文祖、皇考,穆穆秉,,憲憲聖爽,處宗,肆作龢父大林鐘,用孝侃前文人,前文人其嚴上,,降余厚多福無疆,其萬年,子子孫孫永寶享。"
在,至無在為之,至,"井人人曰:景盄 文祖、皇考、克哲厥德,純用魯,永終于吉,不敢帥用文祖、皇考,穆穆秉,,憲憲聖爽,處宗,肆作龢父大林鐘,用孝侃前文人,前文人其嚴上,,降余厚多福無疆,其萬年,子子孫孫永寶享。"
曰,曰說道言詔,曰,"隹 越十又九年,王:者,汝亦虔秉丕經德,以克總光,於之學,𧻚 哉,弼王,往捍庶盟,以祇光朕位,今余其念有齋休祝成,烈壯用爯 ,光之於肆,汝其用茲,綏乃壽,思逸康樂,勿有不,之於不啻,唯王命,,乃德,子孫永保。"
晚,末晚后二三,末,"2. 117021.斷代:战国期2.釋文:十五年,守相埶 、廉頗、邦左庫工師采、冶句劑,大工尹公孫桴 。"
公,公子王夫侯,公,"𧻚𧻚 ,夙夕聖爽,追孝于高祖辛公、文祖乙、皇考丁公,龢林鐘,用 各、喜侃樂前文人,用壽、匄 永命,綽、福、純魯,弋皇祖考高對爾,嚴在上,,融綏厚多,廣啟身,擢于永命, 授余爾𬹜 福,其萬,齊祿熾光,宜文神,無景福,用光"
祿,壽祿樂滿氣,壽,"𧻚𧻚 ,夙夕聖爽,追孝于高祖辛公、文祖乙、皇考丁公,龢林鐘,用 各、喜侃樂前文人,用壽、匄 永命,綽、福、純魯,弋皇祖考高對爾,嚴在上,,融綏厚多,廣啟身,擢于永命, 授余爾𬹜 福,其萬,齊祿熾光,宜文神,無景福,用光"
福,福壽德利禮,福,"𧻚𧻚 ,夙夕聖爽,追孝于高祖辛公、文祖乙、皇考丁公,龢林鐘,用 各、喜侃樂前文人,用壽、匄 永命,綽、福、純魯,弋皇祖考高對爾,嚴在上,,融綏厚多,廣啟身,擢于永命, 授余爾𬹜 福,其萬,齊祿熾光,宜文神,無景福,用光"
年,壽年福歲物,壽,"𧻚𧻚 ,夙夕聖爽,追孝于高祖辛公、文祖乙、皇考丁公,龢林鐘,用 各、喜侃樂前文人,用壽、匄 永命,綽、福、純魯,弋皇祖考高對爾,嚴在上,,融綏厚多,廣啟身,擢于永命, 授余爾𬹜 福,其萬,齊祿熾光,宜文神,無景福,用光"
寅,申子寅世庚,申,"隹 五年三月,既死霸庚,王初格伐玁 于𫊣 。"
以,子以君王去,子,"隹 八月既望,辰在甲,昧爽,三左三右多君入酒,明,王各周廟,□□□邦賓,延邦賓尊其旅服,嚮,盂以多旂佩,鬼方子□□入三門,告曰:王令盂□□伐鬼方,□□□聝 □,執酋三人,獲聝 四千八又二聝 ,俘人萬三千八十一人,俘馬四□□匹,俘車卅,俘牛三百五十五"
百,百千萬〇十,百,"隹 八月既望,辰在甲,昧爽,三左三右多君入酒,明,王各周廟,□□□邦賓,延邦賓尊其旅服,嚮,盂以多旂佩,鬼方子□□入三門,告曰:王令盂□□伐鬼方,□□□聝 □,執酋三人,獲聝 四千八又二聝 ,俘人萬三千八十一人,俘馬四□□匹,俘車卅,俘牛三百五十五"
輛,輛匹兩車一,輛,"隹 八月既望,辰在甲,昧爽,三左三右多君入酒,明,王各周廟,□□□邦賓,延邦賓尊其旅服,嚮,盂以多旂佩,鬼方子□□入三門,告曰:王令盂□□伐鬼方,□□□聝 □,執酋三人,獲聝 四千八又二聝 ,俘人萬三千八十一人,俘馬四□□匹,俘車卅,俘牛三百五十五"
而,而所君之王,而,"隹 十四年中山王作鼎,銘曰:烏乎,語不廢哉,人聞之,與其溺於人也,溺於淵,昔者,燕君子噲 叡夫悟,長為人主,閈 於天下之物矣,猶迷惑於子之亡其邦,為天下戮,而況在於君乎,昔者,吾先考成王,早棄群臣,寡人幼童,未智,唯傅姆是從,天降休于朕邦,有厥忠"
氏,氏君子之公,氏,"隹 五年正月己丑,琱 有事,召來合事,余獻以壺,告曰:以君氏令曰,余老止公,僕庸土田多,弋伯氏從許,公宕其,則宕其貳,公宕其貳,汝宕其一,余惠于君氏大璋,報氏帛束、璜,召伯虎:余既訊,我考我母令,余弗敢亂,余或致我考我令,琱 甥則覲"
汝,汝君我臣僕,汝,"隹 五年正月己丑,琱 有事,召來合事,余獻以壺,告曰:以君氏令曰,余老止公,僕庸土田多,弋伯氏從許,公宕其,則宕其貳,公宕其貳,汝宕其一,余惠于君氏大璋,報氏帛束、璜,召伯虎:余既訊,我考我母令,余弗敢亂,余或致我考我令,琱 甥則覲"
則,則亦也者就,則,"隹 五年正月己丑,琱 有事,召來合事,余獻以壺,告曰:以君氏令曰,余老止公,僕庸土田多,弋伯氏從許,公宕其,則宕其貳,公宕其貳,汝宕其一,余惠于君氏大璋,報氏帛束、璜,召伯虎:余既訊,我考我母令,余弗敢亂,余或致我考我令,琱 甥則覲"
曰,曰說言道問,曰,"隹 五年正月己丑,琱 有事,召來合事,余獻以壺,告曰:以君氏令曰,余老止公,僕庸土田多,弋伯氏從許,公宕其,則宕其貳,公宕其貳,汝宕其一,余惠于君氏大璋,報氏帛束、璜,召伯虎:余既訊,我考我母令,余弗敢亂,余或致我考我令,琱 甥則覲"
母,母父公女親,母,"隹 五年正月己丑,琱 有事,召來合事,余獻以壺,告曰:以君氏令曰,余老止公,僕庸土田多,弋伯氏從許,公宕其,則宕其貳,公宕其貳,汝宕其一,余惠于君氏大璋,報氏帛束、璜,召伯虎:余既訊,我考我母令,余弗敢亂,余或致我考我令,琱 甥則覲"
子,孫之子祖孙,孫,"耤 北子柞𣪕 ,興厥祖父日乙,其萬年子孫孫永寶。"
賜,賜石金授鼎,賜,"公賜宗彝一𫺟 ,鼎二,賜貝五朋。"
京,京唐北金城,京,"隹 十月,用玁 放 ,廣伐京師,告追于王,命武公遣乃元士,羞追于師,武公命多友率公車,追于京師,癸未,戎伐,衣孚,多友西追,甲申之,搏于,多友有折首訊,凡以公車折首二百又□又五人,執訊廿又三人,俘車百乘一十又七乘,卒復人俘,又搏于共"
羞,羞告也亦又,羞,"隹 十月,用玁 放 ,廣伐京師,告追于王,命武公遣乃元士,羞追于師,武公命多友率公車,追于京師,癸未,戎伐,衣孚,多友西追,甲申之,搏于,多友有折首訊,凡以公車折首二百又□又五人,執訊廿又三人,俘車百乘一十又七乘,卒復人俘,又搏于共"
執,執之的追犯,執,"隹 十月,用玁 放 ,廣伐京師,告追于王,命武公遣乃元士,羞追于師,武公命多友率公車,追于京師,癸未,戎伐,衣孚,多友西追,甲申之,搏于,多友有折首訊,凡以公車折首二百又□又五人,執訊廿又三人,俘車百乘一十又七乘,卒復人俘,又搏于共"
文,文元君明宣,文,"井人人曰:景盄 祖、皇考、克哲厥德,得用魯,永終于吉,不敢弗用文祖、皇考,穆穆秉德,,憲憲聖爽,處宗室,肆作龢父大林鐘,用追侃前文人,前文人其嚴在,,降余厚多福無疆,其萬年,子子孫孫永寶用。"
以,以不恭貞大,以,"隹 越十又九年,王曰:者,汝亦虔秉丕經德,克總光,於之學,𧻚𧻚 哉,弼王,往捍庶盟,祇光朕位,今余其念乃齋休祝成,烈壯用爯 ,之於肆,汝其用茲,綏安壽,思逸康樂,勿有不義,之於不啻,唯王命,元,乃德,子孫永保。"
以,以今亦汝不,以,"隹 越十又九年,王曰:者,汝亦虔秉丕經德,克總光,於之學,𧻚𧻚 哉,弼王,往捍庶盟,祇光朕位,今余其念乃齋休祝成,烈壯用爯 ,之於肆,汝其用茲,綏安壽,思逸康樂,勿有不義,之於不啻,唯王命,元,乃德,子孫永保。"
就,就是西都事,就,"自鄂市,𫢁 陽丘、方城、就象禾、就柳、繁陽、就高丘、就下蔡、居巢、就郢。"
就,就是都事也,就,"自鄂市,𫢁 陽丘、方城、就象禾、就柳、繁陽、就高丘、就下蔡、居巢、就郢。"
就,就是都也事,就,"自鄂市,𫢁 陽丘、方城、就象禾、就柳、繁陽、就高丘、就下蔡、居巢、就郢。"
子,子兒女孫嗣,子,"隹 十又六年,七月既生乙未,伯太師賜伯克僕卅,伯克敢對揚天佑王白侑,用作朕穆考後仲尊,克匄 眉老無彊,克克其子孫孫,永寶用享。"
文,人元士王文,人,"鿆 既拜𩒨 首,升于厥祖考。"
子,有子文說傳,有,"隹 九月,初吉庚申,曾邍 彝為孟姬鑄媵 。"
孫,孫孙子祖后,孫,"隹 四年二月,既生霸戊戌,王在周師彔 宮,各大室,位,馬共佑,王乎史册賜靳、鞹 、鋚 ,敢對揚天子休,用作文寶𣪕 ,其萬年,子子孫其永寶,木羊册。"
子,子孫父兄君,子,"隹 王正月,初吉丁亥,呂曰:余畢公之孫、呂伯之,余頡事君,余狩武,作爲余鐘,玄鋁,大鐘肆,其四堵,矯矯其龍,既伸暢虡 ,大鐘既懸,鼓,余不敢爲驕,我以享,樂我先祖,以祈眉壽,世子孫,永以爲寶。"
世,世萬後后百,世,"隹 王正月,初吉丁亥,呂曰:余畢公之孫、呂伯之,余頡事君,余狩武,作爲余鐘,玄鋁,大鐘肆,其四堵,矯矯其龍,既伸暢虡 ,大鐘既懸,鼓,余不敢爲驕,我以享,樂我先祖,以祈眉壽,世子孫,永以爲寶。"
之,元二之六八,元,爰從𠂤 雍父戍于固次年。
夷,夷人王氏帝,夷,"王𢼜 曰:,丕顯文、受命,則乃祖奠周邦,今命汝嫡官邑人,先虎臣庸:西門夷、秦夷、京夷、夷、師、側薪、華、弁夷、人、成周走、戌、秦人、降人、服夷,賜汝玄衣純、緇 、衡、戈琱 、厚、彤、鑾旂、鋚 勒,用事,𩒨 首,對揚"
其,之其為帝國,之,"庚伐陸,𢍰 其王, 方綾相乘牡,釗不□王乘牡,與以□師。"
其,其他以此我,其,"叔噩父耤 鸞姬旅,夙夜用享孝于皇君,其萬永寶用。"
年,世年代劫古,世,"叔噩父耤 鸞姬旅,夙夜用享孝于皇君,其萬永寶用。"
孫,子文孫氏言,子,"王如上侯,𠂤 俞從,王功,賜師俞金,俞則對揚德,用作厥文考寶彝,孫子子寶。"
孫,孫子孙兒嗣,孫,"十又六年,七月既生霸未,伯太師賜伯克僕卅夫,伯克敢對揚天佑王白侑,作朕穆考後仲尊,克用 眉老無彊,克克其子子孫,永寶用享。"
孫,孫祖孙代子,孫,"四年二月,既生霸戊戌,在周師彔 宮,各大室,即,馬共佑,王乎史賜靳、鞹 、鋚 勒,敢對揚天子休,用作文考𣪕 ,其萬年,子子孫其永寶,木羊册。"
曰,公說曰君氏,公,"王正月,初吉丁亥,呂:余畢公之孫、呂伯之子,余頡事君,余狩武,爲余鐘,玄鋁,大鐘八,其四堵,矯矯其龍,伸暢虡 ,大鐘既懸,玉鼓,余不敢爲驕,我以享孝,樂我先祖,以祈眉壽,世子孫,永以爲寶。"
作,我名作自故,我,"王正月,初吉丁亥,呂:余畢公之孫、呂伯之子,余頡事君,余狩武,爲余鐘,玄鋁,大鐘八,其四堵,矯矯其龍,伸暢虡 ,大鐘既懸,玉鼓,余不敢爲驕,我以享孝,樂我先祖,以祈眉壽,世子孫,永以爲寶。"
世,世人代後子,世,"王正月,初吉丁亥,呂:余畢公之孫、呂伯之子,余頡事君,余狩武,爲余鐘,玄鋁,大鐘八,其四堵,矯矯其龍,伸暢虡 ,大鐘既懸,玉鼓,余不敢爲驕,我以享孝,樂我先祖,以祈眉壽,世子孫,永以爲寶。"
之,相之得大為,相,"王正月,初吉乙巳,□朱之孫□亘□喪,王欲復師,擇吉金,自作龢鐘,以樂客,誌勞諸侯,往矣,之客,酓酓 孔協,萬世,無疾自下,允位,同汝利,台孫皆永寶。"
王,相王所之一,相,"庚伐陸,𢍰 其王,𬟰 方綾相乘牡,釗不□其乘牡,與以□師。"
子,考孫子孔之,考,"王如上侯,𠂤 俞從,王掖,賜師俞金,俞則對揚厥,用作厥文考寶彝,孫孫子寶。"
伯,用以伯因為,用,"隹 十又六年,七月既生霸乙,伯太師賜伯克僕卅夫,克敢對揚天佑王白侑,用朕穆考後仲尊,克用匄 眉老無彊,克克其子子孫,永寶用享。"
孫,孫子代後女,孫,"隹 十又六年,七月既生霸乙,伯太師賜伯克僕卅夫,克敢對揚天佑王白侑,用朕穆考後仲尊,克用匄 眉老無彊,克克其子子孫,永寶用享。"
余,余呂餘吳是,余,"隹 王正月,初吉丁亥,呂曰:余畢公之孫、呂伯之子,頡事君,余狩武,作余鐘,玄鋁,大鐘八肆,其四堵,矯矯其龍,既暢虡 ,大鐘既懸,玉,余不敢爲驕,我以享孝,我先祖,以祈眉壽,世世孫,永以爲寶。"
子,孫子祖人我,孫,"隹 王正月,初吉丁亥,呂曰:余畢公之孫、呂伯之子,頡事君,余狩武,作余鐘,玄鋁,大鐘八肆,其四堵,矯矯其龍,既暢虡 ,大鐘既懸,玉,余不敢爲驕,我以享孝,我先祖,以祈眉壽,世世孫,永以爲寶。"
之,命之家人力,命,"公克𨥇 其敦,永保用。"
夷,夷人邑海王,夷,"王 曰:,丕顯文、武受,則乃祖奠周邦,今余命嫡官邑人,先虎臣後庸:西門夷、秦夷、京夷、、師、側薪、華夷、夷、人、成周走亞、、秦人、降人、服夷,賜玄衣純、緇 、衡、戈琱 、厚、彤蘇、旂、鋚 勒,用事,𩒨 首,對揚"
之,子之公皇御,子,"隹 王正月,初吉乙巳,□朱勾孫□亘□喪,王欲復師,吉金,自作龢鐘,以樂賓,誌勞諸侯,往矣,余客,酓酓 孔協,萬世後,無疾自下,允位,同汝之,台孫皆永寶。"
客,客衆眾民來,客,"隹 王正月,初吉乙巳,□朱勾孫□亘□喪,王欲復師,吉金,自作龢鐘,以樂賓,誌勞諸侯,往矣,余客,酓酓 孔協,萬世後,無疾自下,允位,同汝之,台孫皆永寶。"
之,世之君生侯,世,"隹 王正月,初吉乙巳,□朱勾孫□亘□喪,王欲復師,吉金,自作龢鐘,以樂賓,誌勞諸侯,往矣,余客,酓酓 孔協,萬世後,無疾自下,允位,同汝之,台孫皆永寶。"
乘,之乘的公女,之,"伐陸,𢍰 其王,𬟰 綾相乘牡,釗不□其王牡,與以□師。"
夜,未無夜不日,未,"噩父耤 鸞姬旅,其夙用享孝于皇君,其萬年永用。"
十,十六五四八,十,"隹 又六年,七月既生霸乙未,伯太師賜伯克僕卅夫,伯敢對揚天佑王白侑,用作穆考後仲尊,克用匄 老無彊,克克其子子孫孫,永寶用享。"
克,克公太無大,克,"隹 又六年,七月既生霸乙未,伯太師賜伯克僕卅夫,伯敢對揚天佑王白侑,用作穆考後仲尊,克用匄 老無彊,克克其子子孫孫,永寶用享。"
九,七六八九十,七,"隹 月,在炎次。"
九,十六九七八,十,"隹 月,初吉庚申,曾子邍 為孟姬鑄媵 。"
十,年十七九零,年,"隹 又二月,既生霸丁亥。"
余,余我餘是為,余,"隹 王月,初吉丁亥,呂曰:畢公之孫、呂伯之子,余事君,余狩武,作爲鐘,玄鋁,大鐘八肆,四堵,矯矯其龍,既伸虡 ,大鐘既懸,玉鼓,余不敢爲驕,我以享孝,樂先祖,以祈眉壽,世世子,永以爲寶。"
孫,孫嗣子孙宗,孫,"隹 王月,初吉丁亥,呂曰:畢公之孫、呂伯之子,余事君,余狩武,作爲鐘,玄鋁,大鐘八肆,四堵,矯矯其龍,既伸虡 ,大鐘既懸,玉鼓,余不敢爲驕,我以享孝,樂先祖,以祈眉壽,世世子,永以爲寶。"
西,天東廈武西,天,"王𢼜 曰:,丕顯文、武受命,則乃祖奠周邦,今余命汝官邑人,先虎臣後庸:門夷、秦夷、京夷、夷、師、側薪、華夷、弁夷、人、成周走亞、戌、秦人、降人、服夷,賜汝衣純、緇 、衡、琱 、厚、彤蘇、鑾、鋚 勒,用事,𩒨 ,對揚"
正,元歲十六正,元,"隹 王月,初吉乙巳,□朱勾之□亘□喪,王欲復師,擇金,自作龢鐘,以樂賓客,誌勞諸侯,往矣,余之,酓酓 孔協,萬世後,疾自下,允位,同汝之利,台孫皆永寶。"
無,無不有殘自,無,"隹 王月,初吉乙巳,□朱勾之□亘□喪,王欲復師,擇金,自作龢鐘,以樂賓客,誌勞諸侯,往矣,余之,酓酓 孔協,萬世後,疾自下,允位,同汝之利,台孫皆永寶。"
牡,牡男女馬母,牡,"庚陸,𢍰 其王,𬟰 方相乘牡,釗不□其王乘,與以□師。"
萬,萬永千百万,萬,"丌 年,子子孫孫其永寶用。"
靈,靈續天宿長,靈,"丌 熙熙,萬年無彊,靈終、命。"
月,月年日時二,月,"隹 九,在炎次。"
月,年月世歲旬,年,"隹 九,初吉庚申,曾子邍 彝孟姬鑄媵 。"
二,六十二三九,六,"隹 四年月,既生霸戊戌,王在周彔 宮,各大室,即位,共佑,王乎史册賜、鞹 、鋚 勒,敢對天子休,用作文考寶𣪕 ,其萬年,子子孫孫其永,木羊册。"
先,宗先父為老,宗,"隹 王正,初吉丁亥,呂曰:余公之孫、呂伯之子,余頡事君,余狩武,作爲余,玄鋁,大鐘八肆,其四堵,矯矯其龍,既伸暢 ,大鐘既懸,玉鼓,不敢爲驕,我以享孝,樂我祖,以祈眉壽,世世子孫,永以爲寶。"
年,歲年代壽世,歲,"丌 萬,世子子孫孫虞寶用。"
曰,曰字言道文,曰,"王𢼜 :,丕顯文、武受命,乃祖奠周邦,今余命汝嫡邑人,先虎臣後庸:西夷、秦夷、京夷、夷、、側薪、華夷、弁、人、成周走亞、戌、人、降人、服夷,賜汝玄純、緇 、衡、戈 、厚、彤蘇、鑾旂、鋚 勒,用事,𩒨 首,對揚"
夷,夷人王子氏,夷,"王𢼜 :,丕顯文、武受命,乃祖奠周邦,今余命汝嫡邑人,先虎臣後庸:西夷、秦夷、京夷、夷、、側薪、華夷、弁、人、成周走亞、戌、人、降人、服夷,賜汝玄純、緇 、衡、戈 、厚、彤蘇、鑾旂、鋚 勒,用事,𩒨 首,對揚"
王,帝武漢士王,帝,"武,征亖 方,達殷民,永丕鞏狄,微伐夷童。"
年,物年歲金世,物,"丌 萬,子子孫孫其永寶用。"
六,二六九八七,二,"隹 十又年,七月既生霸乙未,伯師賜伯克僕卅夫,伯克敢揚天佑王白侑,用作朕穆後仲尊,克用匄 眉老彊,克克其子子孫孫,永用享。"
一,一金千三二,一,"十三𬢚 使車嗇夫孫固、工,重石三百刀之重。"
月,月年日旬歲,月,"隹 四年二,既生霸戊戌,王在周師 宮,各大室,即位,馬佑,王乎史册賜靳、鞹 、鋚 勒,敢對揚子休,用作文考寶𣪕 ,其萬年,子子孫孫其永寶,木羊册。"
二,九一三二七,九,"隹 十又月,既生霸丁亥。"
公,公伯堯甫武,公,"隹 王正月,初吉丁亥,呂曰:余畢之孫、呂伯之子,余頡君,余狩武,作爲余鐘,玄鋁,大鐘八肆,其堵,矯矯其龍,既伸暢虡 ,大鐘既懸,玉鼓,余不敢爲驕,我以享孝,樂我先,以祈眉壽,世世子孫,以爲寶。"
祖,祖賢子人母,祖,"隹 王正月,初吉丁亥,呂曰:余畢之孫、呂伯之子,余頡君,余狩武,作爲余鐘,玄鋁,大鐘八肆,其堵,矯矯其龍,既伸暢虡 ,大鐘既懸,玉鼓,余不敢爲驕,我以享孝,樂我先,以祈眉壽,世世子孫,以爲寶。"
夷,夷人王公帝,夷,"王𢼜 曰:,丕顯文、武受命,則祖奠周邦,今余命汝嫡官邑人,先虎臣後庸:西門、秦夷、京夷、夷、師、側薪、華夷、弁夷、人、成周走亞、戌、秦、降人、服夷,賜汝玄衣純、緇 、衡、戈琱 、厚、彤蘇、鑾旂、 勒,用事,𩒨 首,揚"
人,夷人王公帝,夷,"王𢼜 曰:,丕顯文、武受命,則祖奠周邦,今余命汝嫡官邑人,先虎臣後庸:西門、秦夷、京夷、夷、師、側薪、華夷、弁夷、人、成周走亞、戌、秦、降人、服夷,賜汝玄衣純、緇 、衡、戈琱 、厚、彤蘇、鑾旂、 勒,用事,𩒨 首,揚"
年,用世有年宝,用,"中伯耤 亲姬䜌 人寶𣪕 ,其萬,子子孫孫永寶用。"
熙,來攘熙春國,來,"丌 熙,萬年無彊,靈終、靈命。"
年,年歲月日旬,年,"隹 十又六,七月既生霸乙未,伯太賜伯克僕卅夫,伯克敢對天佑王白侑,用作朕穆考仲尊,克用匄 眉老無,克克其子子孫孫,永寶享。"
月,日月年天二,日,"隹 十又二,既生霸丁亥。"
之,之子其的嫡,之,"隹 王正月,吉丁亥,呂曰:余畢公孫、呂伯之子,余頡事,余狩武,作爲余鐘,鋁,大鐘八肆,其四,矯矯其龍,既伸暢虡 ,大鐘既懸,玉鼓,余不敢驕,我以享孝,樂我先祖,以祈眉壽,世世子孫,永爲寶。"
子,子兒君家公,子,"叔角父耤 朕皇考宄 公尊𣪕 ,其子孫孫永寶用,。"
乘,乘為之上承,乘,"庚伐陸, 其王,𬟰 方綾相牡,釗不□其王乘牡,與□師。"
文,德人子文王,德,"王如上侯, 俞從,王掖功,賜師俞,俞則對揚厥德,用作厥考寶彝,孫孫子子寶。"
子,子千君祖老,子,"丌 萬年,子孫孫其永寶用。"
天,大帝王天皇,大,"隹 十又六年,七月既生霸乙未,伯太師伯克僕卅夫,伯克敢對揚佑王白侑,用作朕穆考後尊,克用匄 眉老無彊,克克其子子孫孫,永寶用。"
三,二一有三加,二,"十三𬢚 使嗇夫孫固、工,重一石百刀之重。"
萬,永萬生六餘,永,"隹 四年二月,生霸戊戌,王在周師彔 ,各大室,即位,馬共佑,王乎史册賜靳、鞹 、鋚 勒,敢對揚天子,用作文考寶𣪕 ,其年,子子孫孫其永寶,木册。"
孫,子孫父夫弟,子,"隹 王正月,初丁亥,呂曰:余畢公之、呂伯之子,余頡事君,余狩武,作爲余鐘,玄鋁,大鐘八肆,其四堵,矯矯其龍,既伸暢虡 ,鐘既懸,玉鼓,余不敢爲,我以享孝,樂我先祖,祈眉壽,世世子孫,永以寶。"
大,大金玄其餘,大,"隹 王正月,初丁亥,呂曰:余畢公之、呂伯之子,余頡事君,余狩武,作爲余鐘,玄鋁,大鐘八肆,其四堵,矯矯其龍,既伸暢虡 ,鐘既懸,玉鼓,余不敢爲,我以享孝,樂我先祖,祈眉壽,世世子孫,永以寶。"
以,以我永大祈,以,"隹 王正月,初丁亥,呂曰:余畢公之、呂伯之子,余頡事君,余狩武,作爲余鐘,玄鋁,大鐘八肆,其四堵,矯矯其龍,既伸暢虡 ,鐘既懸,玉鼓,余不敢爲,我以享孝,樂我先祖,祈眉壽,世世子孫,永以寶。"
爲,爲至為成珍,爲,"隹 王正月,初丁亥,呂曰:余畢公之、呂伯之子,余頡事君,余狩武,作爲余鐘,玄鋁,大鐘八肆,其四堵,矯矯其龍,既伸暢虡 ,鐘既懸,玉鼓,余不敢爲,我以享孝,樂我先祖,祈眉壽,世世子孫,永以寶。"
子,孫之其公子,孫,"叔角父耤 皇考宄 公尊𣪕 ,其子孫孫永寶用,。"
子,世子家人代,世,"丌 萬年,世子孫孫虞寶用。"
人,夷人拯王邑,夷,"王𢼜 曰:,丕顯文、武受命,則乃祖周邦,今余命汝嫡官邑,先虎臣後庸:西門夷、夷、京夷、夷、師、薪、華夷、弁夷、、成周走亞、戌、秦人、人、服夷,賜汝玄衣純、緇 、衡、戈琱 、厚、彤蘇、鑾旂、鋚 ,用事,𩒨 首,對揚"
諸,諸王之皇侯,諸,"隹 王正月,初乙巳,□朱勾之孫□亘□,王欲復師,擇吉金,自龢鐘,以樂賓客,誌勞侯,往矣,余之客,酓酓 孔協,萬世後,無疾自下,允位,同汝之利,台孫皆寶。"
子,子千君老祖,子,"中伯耤 亲䜌 人寶𣪕 ,其萬年,子孫孫永寶用。"
牡,牡之女人馬,牡,"庚伐陸,𢍰 其王,𬟰 方綾相乘,釗不□其王乘牡,與以□師。"
子,子兒祖家後,子,"卓𬄜 父作𣪕 ,用享用孝祈眉壽,其子孫孫,永寶用鼎。"
子,子兒女嗣儿,子,"丌 萬年,子孫孫其永寶用。"
萬,萬永終百長,萬,"丌 熙熙,年無彊,靈終、靈命。"
伯,伯我公以為,伯,"隹 十又六年,月既生霸乙未,伯太師賜克僕卅夫,伯克敢對揚天王白侑,用作朕穆考後仲,克用匄 眉老無彊,克其子子孫孫,永寶用享。"
百,千百公五十,千,"十三𬢚 使車夫孫固、工,重一石三刀之重。"
年,寶宝物金年,寶,"隹 四年二月,既霸戊戌,王在周師彔 宮,各大室,即位,馬共佑,王乎史册賜靳、鞹 、鋚 勒,敢對揚天子休,用作文考寶𣪕 ,其萬,子子孫孫其永寶,木羊。"
鐘,鐘梁鼓橋劍,鐘,"隹 王正月,初吉亥,呂曰:余畢公之孫、呂伯之子,余頡事君,狩武,作爲余鐘,玄,大鐘八肆,其四堵,矯其龍,既伸暢虡 ,大既懸,玉鼓,余不敢爲驕,我以享孝,樂我先祖,以眉壽,世世子孫,永以爲。"
孫,子之孫嗣一,子,"叔角父耤 朕考宄 公尊𣪕 ,其子子孫永寶用,。"
子,子孫世祖之,子,"丌 萬年,世子孫孫虞寶用。"
夷,夷人王海公,夷,"王𢼜 曰:,顯文、武受命,則乃祖奠邦,今余命汝嫡官邑人,先虎臣後庸:西門夷、秦、京夷、夷、師、側、華夷、弁夷、人、成周走亞、戌、秦人、降、服夷,賜汝玄衣純、 、衡、戈琱 、、彤蘇、鑾旂、鋚 勒,用事,𩒨 首,對揚"
人,夷人王公帝,夷,"王𢼜 曰:,顯文、武受命,則乃祖奠邦,今余命汝嫡官邑人,先虎臣後庸:西門夷、秦、京夷、夷、師、側、華夷、弁夷、人、成周走亞、戌、秦人、降、服夷,賜汝玄衣純、 、衡、戈琱 、、彤蘇、鑾旂、鋚 勒,用事,𩒨 首,對揚"
乙,乙癸辰丙廿,乙,"隹 王正月,初吉巳,□朱勾之孫□亘□喪,王欲復師,擇吉金,自作鐘,以樂賓客,誌勞諸,往矣,余之客,酓酓 協,萬世後,無疾自下,位,同汝之利,台孫皆永。"
侯,君人侯客民,君,"隹 王正月,初吉巳,□朱勾之孫□亘□喪,王欲復師,擇吉金,自作鐘,以樂賓客,誌勞諸,往矣,余之客,酓酓 協,萬世後,無疾自下,位,同汝之利,台孫皆永。"
子,子兒女嗣老,子,"中伯耤 亲姬 人寶𣪕 ,其萬年,子孫孫永寶用。"
其,其方陳吳明,其,"庚伐陸,𢍰 王,𬟰 方綾相乘牡,釗不□其王乘牡,與以□師。"
六,四三五九六,四,"十二,𬢚 使嗇夫孫固、工師賃,重五百十九刀,左者。"
子,子兒女和與,子,"卓𬄜 父作寶 ,用享用孝祈眉壽,其子孫孫,永寶用鼎。"
孫,孫孙子祖后,孫,"丌 萬年,子子孫其永寶用。"
月,歲年女月子,歲,"隹 十又六年,七既生霸乙未,伯太師賜伯僕卅夫,伯克敢對揚天佑白侑,用作朕穆考後仲尊,克用匄 眉老無彊,克其子子孫孫,永寶用享。"
王,子王和大孫,子,"隹 十又六年,七既生霸乙未,伯太師賜伯僕卅夫,伯克敢對揚天佑白侑,用作朕穆考後仲尊,克用匄 眉老無彊,克其子子孫孫,永寶用享。"
呂,余呂餘劉郭,余,"隹 王正月,初吉丁,呂曰:余畢公之孫、伯之子,余頡事君,余武,作爲余鐘,玄鋁,大鐘八肆,其四堵,矯其龍,既伸暢虡 ,大鐘懸,玉鼓,余不敢爲驕,以享孝,樂我先祖,以祈壽,世世子孫,永以爲寶。"
我,余只自吾我,余,"隹 王正月,初吉丁,呂曰:余畢公之孫、伯之子,余頡事君,余武,作爲余鐘,玄鋁,大鐘八肆,其四堵,矯其龍,既伸暢虡 ,大鐘懸,玉鼓,余不敢爲驕,以享孝,樂我先祖,以祈壽,世世子孫,永以爲寶。"
孫,子之曾嗣孫,子,"丌 萬年,世子子孫虞寶用。"
巳,年辰歲巳月,年,"隹 王正月,初吉乙,□朱勾之孫□亘□喪,欲復師,擇吉金,自作龢,以樂賓客,誌勞諸侯,往矣,余之客,酓酓 孔,萬世後,無疾自下,允,同汝之利,台孫皆永寶。"
孫,孫孙子祖后,孫,"中伯耤 亲姬䜌 人寶𣪕 ,其萬年,子子孫永寶用。"
王,王子世侯大,王,"庚伐陸,𢍰 其,𬟰 方綾相乘牡,不□其王乘牡,與以□。"
孫,孫孙子女祖,孫,"卓𬄜 父作寶𣪕 ,用享用孝祈眉壽,其子子孫,永寶用鼎。"
孫,孫受有代得,孫,"丌 萬年,子子孫其永寶用。"
無,在新南之無,在,"丌 熙熙,萬年彊,靈終、靈命。"
之,之一不加的,之,"十三𬢚 使車嗇夫固、工,重一石三百刀重。"
戊,戊年天甲壬,戊,"隹 四年二月,既生霸戌,王在周師彔 宮,各大,即位,馬共佑,王史册賜靳、鞹 、 勒,敢對揚天子休,用文考寶𣪕 ,其萬年,子孫孫其永寶,木羊册。"
子,子嗣祖君千,子,"隹 四年二月,既生霸戌,王在周師彔 宮,各大,即位,馬共佑,王史册賜靳、鞹 、 勒,敢對揚天子休,用文考寶𣪕 ,其萬年,子孫孫其永寶,木羊册。"
大,其大一中金,其,"隹 王正月,初吉丁亥,呂曰:余畢公之孫、呂之子,余頡事君,余狩武,作爲余鐘,玄鋁,鐘八肆,其四堵,矯矯龍,既伸暢虡 ,大鐘既,玉鼓,余不敢爲驕,我享孝,樂我先祖,以祈眉,世世子孫,永以爲寶。"
以,自以心已永,自,"隹 王正月,初吉丁亥,呂曰:余畢公之孫、呂之子,余頡事君,余狩武,作爲余鐘,玄鋁,鐘八肆,其四堵,矯矯龍,既伸暢虡 ,大鐘既,玉鼓,余不敢爲驕,我享孝,樂我先祖,以祈眉,世世子孫,永以爲寶。"
九,十三九八六,十,"己酉,戍𬫦 尊宜召,康九律,賞貝十、豚,用鑄丁宗彝,才月,唯王十祀,日五,來東。"
孫,孫孙代子祖,孫,"中伯耤 亲姬䜌 寶𣪕 ,其萬年,子子孫永寶用。"
其,享是其以他,享,"叔噩父耤 鸞姬旅,其夙夜用享孝于皇君,萬年永寶用。"
孫,也福好孫等,也,"卓𬄜 父作寶𣪕 ,用享用孝祈眉壽,其子子孫,永寶用鼎。"
子,子兒祖家君,子,"隹 十又六年,七月既霸乙未,伯太師賜伯克僕夫,伯克敢對揚天佑王白,用作朕穆考後仲尊,用匄 眉老無彊,克克其子孫孫,永寶用享。"
重,重物石金二,重,"十三𬢚 使車嗇夫孫、工,重一石三百刀之。"
戌,年辰寅戌王,年,"隹 四年二月,既生霸戊,王在周師彔 宮,各大室,即位,馬共佑,王乎册賜靳、鞹 、鋚 勒,敢對揚天子休,用作考寶𣪕 ,其萬年,子孫孫其永寶,木羊册。"
子,子兒嗣女後,子,"隹 四年二月,既生霸戊,王在周師彔 宮,各大室,即位,馬共佑,王乎册賜靳、鞹 、鋚 勒,敢對揚天子休,用作考寶𣪕 ,其萬年,子孫孫其永寶,木羊册。"
丁,乙王丁年亥,乙,"隹 十又二月,既生霸亥。"
呂,余胤王呂我,余,"隹 王正月,初吉丁亥,曰:余畢公之孫、呂伯子,余頡事君,余狩,作爲余鐘,玄鋁,大八肆,其四堵,矯矯其,既伸暢虡 ,大鐘既懸,玉鼓,余不敢爲驕,我以孝,樂我先祖,以祈眉壽,世世子孫,永以爲寶。"
之,之公其太長,之,"隹 王正月,初吉丁亥,曰:余畢公之孫、呂伯子,余頡事君,余狩,作爲余鐘,玄鋁,大八肆,其四堵,矯矯其,既伸暢虡 ,大鐘既懸,玉鼓,余不敢爲驕,我以孝,樂我先祖,以祈眉壽,世世子孫,永以爲寶。"
鐘,鐘鼓門尺廳,鐘,"隹 王正月,初吉丁亥,曰:余畢公之孫、呂伯子,余頡事君,余狩,作爲余鐘,玄鋁,大八肆,其四堵,矯矯其,既伸暢虡 ,大鐘既懸,玉鼓,余不敢爲驕,我以孝,樂我先祖,以祈眉壽,世世子孫,永以爲寶。"
月,年月日字天,年,"己酉,戍𬫦 尊宜于,康九律,賞貝十朋、豚,用鑄丁宗彝,才九,唯王十祀,日五,唯東。"
今,我故今並而,我,"王𢼜 曰:,丕顯文、武受命,則乃祖奠周邦,余命汝嫡官邑人,先虎後庸:西門夷、秦夷、京、夷、師、側薪、夷、弁夷、人、成周亞、戌、秦人、降人、服,賜汝玄衣純、緇 、衡、戈琱 、厚、蘇、鑾旂、鋚 勒,用事,𩒨 首,對揚"
夷,夷人海王邑,夷,"王𢼜 曰:,丕顯文、武受命,則乃祖奠周邦,余命汝嫡官邑人,先虎後庸:西門夷、秦夷、京、夷、師、側薪、夷、弁夷、人、成周亞、戌、秦人、降人、服,賜汝玄衣純、緇 、衡、戈琱 、厚、蘇、鑾旂、鋚 勒,用事,𩒨 首,對揚"
夷,人夷臣公奴,人,"王𢼜 曰:,丕顯文、武受命,則乃祖奠周邦,余命汝嫡官邑人,先虎後庸:西門夷、秦夷、京、夷、師、側薪、夷、弁夷、人、成周亞、戌、秦人、降人、服,賜汝玄衣純、緇 、衡、戈琱 、厚、蘇、鑾旂、鋚 勒,用事,𩒨 首,對揚"
以,以迎賞為安,以,"隹 王正月,初吉乙巳,□朱勾之孫□亘□喪,王欲師,擇吉金,自作龢鐘,樂賓客,誌勞諸侯,往,余之客,酓酓 孔協,世後,無疾自下,允位,汝之利,台孫皆永寶。"
王,修王考重在,修,"王如上侯,𠂤 俞從,掖功,賜師俞金,俞則對厥德,用作厥文考寶彝,孫子子寶。"
我,我諸君眾大,我,"陸𬴥 之孫邾 公 ,作厥龢鐘,用敬恤盟祀,年眉壽,用樂我嘉賓,及正卿,揚君靈,君以萬年。"
武,武帝君德威,武,"王𢼜 曰:父,丕顯文,皇天引厭厥德配我有周,受大命,率懷不廷方,亡覲于文武耿光,唯天壯集命,亦唯先正厥辟,爵大命,肆皇天亡斁 ,臨我有周,丕鞏先王配命,旻疾威,司余小子弗彶 ,將曷 吉,四方,大縱靖,烏乎,余小子,于艱,永鞏先"
十,三四五十一,三,"隹 王于伐楚,伯在炎,唯月,既死霸丁丑,作册夨 令尊宜于王姜,姜賞令貝朋、臣十家、鬲 百人。"
太,帝公太氏皇,帝,"隹 王正月,初吉丁亥,黃子伯克作仲嬴[UNK-10162-0]媵 盤,用祈眉壽萬年無,子子孫孫,永寶用之。"
南,南北王大上,南,"徒南宮虖 ,作大林鐘,茲鐘名曰無射,先祖公亞祖公仲必父之家,天子萬年眉壽,永保四方,皇天,乎拜手稽首,敢對天子丕顯魯休,用作朕皇南公、亞祖公仲。"
祖,祖天子上父,祖,"徒南宮虖 ,作大林鐘,茲鐘名曰無射,先祖公亞祖公仲必父之家,天子萬年眉壽,永保四方,皇天,乎拜手稽首,敢對天子丕顯魯休,用作朕皇南公、亞祖公仲。"
曰,曰說道謂言,曰,"隹 二月初吉戊寅,王在周師馬宮,各大室,即位,馬伯佑師,入門,立中,王乎內史吳册令師,:先王既命汝,今余唯申王命,命汝官邑人、師,賜汝金勒,拜𩒨 首,敢對揚天子不顯休,用作文考外季尊𣪕 ,其萬,孫孫子子其永寶,用享宗室。"
先,先後新汝古,先,"隹 二月初吉戊寅,王在周師馬宮,各大室,即位,馬伯佑師,入門,立中,王乎內史吳册令師,:先王既命汝,今余唯申王命,命汝官邑人、師,賜汝金勒,拜𩒨 首,敢對揚天子不顯休,用作文考外季尊𣪕 ,其萬,孫孫子子其永寶,用享宗室。"
子,子為繼給生,子,"二月初吉,作鑄叔皮父尊𣪕 ,其妻子用享孝于叔皮父,子孫孫寶,皇萬年永用。"
大,大之配一王,大,"王𢼜 曰:父,丕顯文武,皇天引厭厥德配我有周,膺大命,率懷不廷方,亡不于文武耿光,唯天壯集厥,亦唯先正厥辟,爵堇命,肆皇天亡斁 ,臨保我有周,丕鞏先王配命,旻天威,司余小子弗彶 ,邦曷 吉,四方,大縱不,烏乎,余小子,湛艱,永鞏先"
月,年人月子兵,年,"王于伐楚,伯在炎,唯九,既死霸丁丑,作册夨 尊宜于王姜,姜賞令貝十、臣十家、鬲 百人。"
皇,我慈聖皇朕,我,夫梁其作朕皇考惠仲、母惠尊𣪕 。
子,子平和公年,子,"王正月,初吉丁亥,黃太伯克作仲嬴[UNK-10162-0] 盤,用祈眉壽萬年無疆,子子孫孫,永寶用之。"
鐘,鐘定音王神,鐘,"徒南宮虖 ,作大林協,茲鐘名曰無射,先祖南亞祖公仲必父之家,天子其年眉壽,永保四方,配天,乎拜手稽首,敢對揚子丕顯魯休,用作朕皇祖公、亞祖公仲。"
公,公宮祖帝王,公,"徒南宮虖 ,作大林協,茲鐘名曰無射,先祖南亞祖公仲必父之家,天子其年眉壽,永保四方,配天,乎拜手稽首,敢對揚子丕顯魯休,用作朕皇祖公、亞祖公仲。"
萬,萬終長百年,萬,"徒南宮虖 ,作大林協,茲鐘名曰無射,先祖南亞祖公仲必父之家,天子其年眉壽,永保四方,配天,乎拜手稽首,敢對揚子丕顯魯休,用作朕皇祖公、亞祖公仲。"
天,天公君皇太,天,"徒南宮虖 ,作大林協,茲鐘名曰無射,先祖南亞祖公仲必父之家,天子其年眉壽,永保四方,配天,乎拜手稽首,敢對揚子丕顯魯休,用作朕皇祖公、亞祖公仲。"
南,南北王公大,南,"徒南宮虖 ,作大林協,茲鐘名曰無射,先祖南亞祖公仲必父之家,天子其年眉壽,永保四方,配天,乎拜手稽首,敢對揚子丕顯魯休,用作朕皇祖公、亞祖公仲。"
萬,六八九萬年,六,"卯拜手𪜵 首,敢對揚榮休,用作寶尊𣪕 ,卯其年,子子孫孫永寶用。"
王,王皇帝人天,王,"二月初吉戊寅,王在周師宮,各大室,即位,馬井佑師,入門,立中廷,王乎內史吳册令師,曰:先王既命汝,今余唯申先命,命汝官邑人、師氏,賜汝金勒,拜𩒨 首,對揚天子不顯休,用作朕考外季尊𣪕 ,其萬年,孫孫子子其永寶,用享于室。"
兩,五兩四八六,五,"矩𬪇 取赤琥兩、韍 、賁一,裁廿朋,其捨三田。"
壽,歲月長壽目,歲,"隹 伯麒父作旅,用賜眉萬年,子子孫孫,永寶用。"
之,之財賜持命,之,"隹 伯麒父作旅,用賜眉萬年,子子孫孫,永寶用。"
年,年代歲世民,年,"丌 用追孝于其皇考,用易眉、黃耇 、霝 冬,其萬,子子孫孫,永寶用享。"
公,公太二三家,公,"隹 八月,辰在甲申,王令周子明保,尹三事四方,受事寮。"
子,子兒祖家老,子,"疋 季苟作羋尊媵 盥盤,其子孫孫,永寶用享。"
用,用聽以不恭,用,"聽夙夜,用享𫗍 皇祖、考,用匄 眉壽、永命。"
戊,戊壬庚良北,戊,"在辰,燕侯賜伯矩貝,用耤 父戊尊彝。"
子,子寶兒嗣王,子,"隹 二月初吉,作鑄叔皮父尊𣪕 ,其妻子用享孝于叔皮父,子孫孫寶,皇萬年永用。"
其,以其從之不,以,"伯子父,耤 其征,陰其陽,以以行,匄 壽無疆,慶其以臧。"
皇,唯先皇若齊,唯,"王 曰:父,丕顯文武,天引厭厥德配我有周,膺受命,率懷不廷方,亡不覲文武耿光,唯天壯集厥命,亦唯先正厥辟,爵堇大,肆皇天亡斁 ,臨保我有,丕鞏先王配命,旻天疾,司余小子弗彶 ,邦將 吉,四方,大縱不靖,烏乎,余小子,湛于,永鞏先"
周,周命權位朝,周,"王 曰:父,丕顯文武,天引厭厥德配我有周,膺受命,率懷不廷方,亡不覲文武耿光,唯天壯集厥命,亦唯先正厥辟,爵堇大,肆皇天亡斁 ,臨保我有,丕鞏先王配命,旻天疾,司余小子弗彶 ,邦將 吉,四方,大縱不靖,烏乎,余小子,湛于,永鞏先"
子,子繼祖老生,子,"隹 王正月,初吉丁亥,黃太子克作仲嬴[UNK-10162-0]媵 盤,用祈眉壽萬年無疆,子孫孫,永寶用之。"
亞,亞後亚及阿,亞,"徒南宮虖 ,作大林協鐘,茲鐘名曰無射,先祖南公祖公仲必父之家,天子其萬眉壽,永保四方,配皇,乎拜手稽首,敢對揚天丕顯魯休,用作朕皇祖南、亞祖公仲。"
年,年歲壽世千,年,"徒南宮虖 ,作大林協鐘,茲鐘名曰無射,先祖南公祖公仲必父之家,天子其萬眉壽,永保四方,配皇,乎拜手稽首,敢對揚天丕顯魯休,用作朕皇祖南、亞祖公仲。"
子,子王帝朝人,子,"徒南宮虖 ,作大林協鐘,茲鐘名曰無射,先祖南公祖公仲必父之家,天子其萬眉壽,永保四方,配皇,乎拜手稽首,敢對揚天丕顯魯休,用作朕皇祖南、亞祖公仲。"
公,公祖宮爺子,公,"徒南宮虖 ,作大林協鐘,茲鐘名曰無射,先祖南公祖公仲必父之家,天子其萬眉壽,永保四方,配皇,乎拜手稽首,敢對揚天丕顯魯休,用作朕皇祖南、亞祖公仲。"
年,年歲寶物里,年,"拜手𪜵 首,敢對揚榮伯,用作寶尊𣪕 ,卯其萬,子子孫孫永寶用。"
先,先前天古老,先,"隹 二月初吉戊寅,王在周師馬,各大室,即位,馬井伯佑師,入門,立中廷,乎內史吳册令師,曰:王既命汝,今余唯申先王,命汝官邑人、師氏,汝金勒,拜𩒨 首,敢揚天子不顯休,用作朕文外季尊𣪕 ,其萬年,孫子子其永寶,用享于宗。"
命,旨命府者公,旨,"隹 二月初吉戊寅,王在周師馬,各大室,即位,馬井伯佑師,入門,立中廷,乎內史吳册令師,曰:王既命汝,今余唯申先王,命汝官邑人、師氏,汝金勒,拜𩒨 首,敢揚天子不顯休,用作朕文外季尊𣪕 ,其萬年,孫子子其永寶,用享于宗。"
賜,奉為與賜以,奉,"隹 二月初吉戊寅,王在周師馬,各大室,即位,馬井伯佑師,入門,立中廷,乎內史吳册令師,曰:王既命汝,今余唯申先王,命汝官邑人、師氏,汝金勒,拜𩒨 首,敢揚天子不顯休,用作朕文外季尊𣪕 ,其萬年,孫子子其永寶,用享于宗。"
孫,子孫其祖我,子,"隹 二月初吉戊寅,王在周師馬,各大室,即位,馬井伯佑師,入門,立中廷,乎內史吳册令師,曰:王既命汝,今余唯申先王,命汝官邑人、師氏,汝金勒,拜𩒨 首,敢揚天子不顯休,用作朕文外季尊𣪕 ,其萬年,孫子子其永寶,用享于宗。"
萬,萬百永千六,萬,"隹 麒父作旅,用賜眉壽年,子子孫孫,永寶用之。"
正,十正九八六,十,"隹 月己亥,和肇作皇母懿龏 孟姬彝。"
八,十六九七八,十,"隹 月,辰在甲申,王令周公明保,尹三事四方,受卿寮。"
子,子女兒之其,子,"疋 苟作羋尊媵 盥盤,其子孫孫,永寶用享。"
辰,寅年辰朝元,寅,"在戊,燕侯賜伯矩貝,用耤 戊尊彝。"
孫,孫孙子祖後,孫,"隹 二月初吉,作鑄叔皮父尊𣪕 ,妻子用享孝于叔皮父,子子孫寶,皇萬年永用。"
陰,陰子日明朝,陰,"子父,耤 其征,其其陽,以以行,匄 眉無疆,慶其以臧。"
天,天子上父不,天,"王𢼜 曰:父,丕顯文武,皇引厭厥德配我有周,膺受大,率懷不廷方,亡不覲于武耿光,唯天壯集厥命,唯先正厥辟,爵堇大命,肆皇天亡斁 ,臨保我有周,丕鞏先王配命,旻天疾威,司余小子弗彶 ,邦將曷 吉,四方,大縱不靖,乎,余小子,湛于艱,永鞏先"
命,命權任義寵,命,"王𢼜 曰:父,丕顯文武,皇引厭厥德配我有周,膺受大,率懷不廷方,亡不覲于武耿光,唯天壯集厥命,唯先正厥辟,爵堇大命,肆皇天亡斁 ,臨保我有周,丕鞏先王配命,旻天疾威,司余小子弗彶 ,邦將曷 吉,四方,大縱不靖,乎,余小子,湛于艱,永鞏先"
文,文聖威君大,文,"王𢼜 曰:父,丕顯文武,皇引厭厥德配我有周,膺受大,率懷不廷方,亡不覲于武耿光,唯天壯集厥命,唯先正厥辟,爵堇大命,肆皇天亡斁 ,臨保我有周,丕鞏先王配命,旻天疾威,司余小子弗彶 ,邦將曷 吉,四方,大縱不靖,乎,余小子,湛于艱,永鞏先"
南,東南北中西,東,"工太子祜 發反,自乍元,在行之先,云用云獲,敢禦余,余處江之陽,至於行西行。"
子,子兒女嗣老,子,"隹 王月,初吉丁亥,黃太子伯作仲嬴[UNK-10162-0]媵 ,用祈眉壽萬年無疆,子孫孫,永寶用之。"
祖,祖皇孫子王,祖,"南宮虖 ,作大林協鐘,鐘名曰無射,先祖南公亞公仲必父之家,天子其萬年壽,永保四方,配皇天,乎拜手稽首,敢對揚天子顯魯休,用作朕皇祖南公、亞祖公仲。"
王,王皇帝天祖,王,"隹 二月初吉戊寅,王在周師馬宮,各大室,即位,馬井伯師,入門,立中廷,王內史吳册令師,曰:先既命汝,今余唯申先王命,命汝官邑人、師氏,賜金勒,拜𩒨 首,敢對天子不顯休,用作朕文考季尊𣪕 ,其萬年,孫子子其永寶,用享于宗室。"
汝,于諸我以汝,于,"隹 二月初吉戊寅,王在周師馬宮,各大室,即位,馬井伯師,入門,立中廷,王內史吳册令師,曰:先既命汝,今余唯申先王命,命汝官邑人、師氏,賜金勒,拜𩒨 首,敢對天子不顯休,用作朕文考季尊𣪕 ,其萬年,孫子子其永寶,用享于宗室。"
年,年歲壽劫世,年,"隹 伯父作旅,用賜眉壽萬,子子孫孫,永寶用之。"
白,之子白金一,之,"勺赤,茲𪭌 ,厥璧季。"
月,月年元酉午,月,"隹 正己亥,和肇作皇母懿龏 姬彝。"
子,子祖嗣老君,子,"丌 用孝于其皇考,用易眉壽、耇 、霝 冬,其萬年,子孫孫,永寶用享。"
月,月年岁日字,月,"隹 八,辰在甲申,王令周公子保,尹三事四方,受卿事。"
孫,孫孙子女兒,孫,"疋 季作羋尊媵 盥盤,其子子孫,永寶用享。"
德,命德相寿壽,命,仲 甥飲壺、匄 三壽、懿、萬年。
癸,己辛乙丁癸,己,",亥,我天君饗酓 酒,賞,厥征斤貝,用作父丁尊。"
文,考查文的中,考,"㶗 拜𩒨 首,對揚公休,用作考辛公寶𱀵 彝,其萬年。"
孫,孫為得萬成,孫,"隹 二月初,作鑄叔皮父尊𣪕 ,其妻子用享孝于叔皮父,子子孫寶,皇萬年永用。"
其,其之和他向,其,"伯父,耤 其征,其陰陽,以以行,匄 眉壽疆,慶其以臧。"
無,之無天大其,之,"伯父,耤 其征,其陰陽,以以行,匄 眉壽疆,慶其以臧。"
曰,曰答道說言,曰,"王𢼜 :父,丕顯文武,皇天厭厥德配我有周,膺受大命,率懷不廷方,亡不覲于文耿光,唯天壯集厥命,亦先正厥辟,爵堇大命,皇天亡斁 ,臨保我有周,鞏先王配命,旻天疾威,余小子弗彶 ,邦將曷 ,四方,大縱不靖,烏,余小子,湛于艱,鞏先"
武,武王人公大,武,"王𢼜 :父,丕顯文武,皇天厭厥德配我有周,膺受大命,率懷不廷方,亡不覲于文耿光,唯天壯集厥命,亦先正厥辟,爵堇大命,皇天亡斁 ,臨保我有周,鞏先王配命,旻天疾威,余小子弗彶 ,邦將曷 ,四方,大縱不靖,烏,余小子,湛于艱,鞏先"
子,子千兒之人,子,"正月初,日在庚,徐𪱛 者故,自作征城,次[UNK-00425-0]升,儆至劍兵,世萬孫,眉壽無疆,皿彼吉人,士余是常。"
十,十百三七六,十,"隹 王于楚,伯在炎,唯九月,既霸丁丑,作册夨 令尊宜王姜,姜賞令貝十朋、臣家、鬲 百人。"
孫,孫孙子長後,孫,"隹 王正,初吉丁亥,黃太子伯克仲嬴[UNK-10162-0]媵 盤,用祈眉壽萬年無疆,子子孫,永寶用之。"
公,公子伯小大,公,"徒宮虖 ,作大林協鐘,茲名曰無射,先祖南公亞祖仲必父之家,天子其萬年眉,永保四方,配皇天,拜手稽首,敢對揚天子丕魯休,用作朕皇祖南公、祖公仲。"
亞,亞亚阿我皇,亞,"徒宮虖 ,作大林協鐘,茲名曰無射,先祖南公亞祖仲必父之家,天子其萬年眉,永保四方,配皇天,拜手稽首,敢對揚天子丕魯休,用作朕皇祖南公、祖公仲。"
子,子祖君後千,子,"卯拜𪜵 首,敢對揚榮伯休,作寶尊𣪕 ,卯其萬年,子孫孫永寶用。"
師,師王宗之祖,師,"隹 二月初戊寅,王在周師馬宮,各大室,即位,馬井伯佑,入門,立中廷,王乎史吳册令師,曰:先王命汝,今余唯申先王命,汝官邑人、師氏,賜汝勒,拜𩒨 首,敢對揚子不顯休,用作朕文考外尊𣪕 ,其萬年,孫孫子其永寶,用享于宗室。"
子,子君之孫其,子,"隹 二月初戊寅,王在周師馬宮,各大室,即位,馬井伯佑,入門,立中廷,王乎史吳册令師,曰:先王命汝,今余唯申先王命,汝官邑人、師氏,賜汝勒,拜𩒨 首,敢對揚子不顯休,用作朕文考外尊𣪕 ,其萬年,孫孫子其永寶,用享于宗室。"
年,事物有利年,事,"毛伯父耤 仲姚寶𣪕 ,其萬無疆,子子孫孫,永寶用。"
毋,不無平毋反,不,"冊𠣾 反,毋詐毋謀。"
君,我君祖聖神,我,"陸𬴥 孫邾 公 ,作厥龢鐘,用敬恤盟祀,祈年眉壽,樂我嘉賓,及我正卿,揚靈,君以萬年。"
己,己辛十乙癸,己,"隹 正月亥,和肇作皇母懿龏 孟彝。"
子,子兒嗣女老,子,"丌 用追于其皇考,用易眉壽、黃 、霝 冬,其萬年,子孫孫,永寶用享。"
孫,皆之子孫也,皆,"疋 季苟羋尊媵 盥盤,其子子孫,永寶用享。"
之,為是姓祖之,為,"王子剌公宗婦,為宗彝彝,羕 寶用,以降大福,保國。"
夜,音夜昔吟言,音,"用聽夙,用享𫗍 皇祖、文考,匄 眉壽、永命。"
用,用享以得能,用,"用聽夙,用享𫗍 皇祖、文考,匄 眉壽、永命。"
亥,巳酉亥卯丑,巳,",癸,我天君饗酓 酒,賞貝,厥征斤貝,用作父丁尊彝。"
陽,陽陰治生明,陽,"伯子父,耤 其征,其陰其,以以行,匄 眉壽無,慶其以臧。"
孫,孫生之長壽,孫,"正月初吉,日在庚,徐𪱛 者故,作征城,次[UNK-00425-0]升,儆至劍兵,世萬子,眉壽無疆,皿彼吉人享,士余是常。"
王,伐賞生王祭,伐,"隹 王于伐,伯在炎,唯九月,既死丁丑,作册夨 令尊宜于姜,姜賞令貝十朋、臣十、鬲 百人。"
子,子平行三公,子,"工太祜 發反,自乍元用,行之先,云用云獲,莫敢余,余處江之陽,至於南行行。"
西,北之西南亦,北,"工太祜 發反,自乍元用,行之先,云用云獲,莫敢余,余處江之陽,至於南行行。"
孫,孫孙代祖長,孫,"隹 王正月,初吉丁亥,黃太子伯克作嬴[UNK-10162-0]媵 盤,祈眉壽萬年無疆,子子孫,永寶用之。"
子,子君其家祖,子,"季良父 崇媵 ,其萬年,子孫孫永寶用。"
名,名銘號音意,名,"徒南虖 ,作大林協鐘,茲鐘曰無射,先祖南公亞祖公必父之家,天子其萬年眉壽,永保四方,配皇天,乎手稽首,敢對揚天子丕顯休,用作朕皇祖南公、亞公仲。"
仲,仲祖子孫公,仲,"徒南虖 ,作大林協鐘,茲鐘曰無射,先祖南公亞祖公必父之家,天子其萬年眉壽,永保四方,配皇天,乎手稽首,敢對揚天子丕顯休,用作朕皇祖南公、亞公仲。"
祖,祖孫子南皇,祖,"徒南虖 ,作大林協鐘,茲鐘曰無射,先祖南公亞祖公必父之家,天子其萬年眉壽,永保四方,配皇天,乎手稽首,敢對揚天子丕顯休,用作朕皇祖南公、亞公仲。"
子,子兒嗣女家,子,"卯拜手 首,敢對揚榮伯休,用寶尊𣪕 ,卯其萬年,子孫孫永寶用。"
命,賜命尊封許,賜,"隹 二月初吉寅,王在周師馬宮,各大,即位,馬井伯佑師,入門,立中廷,王乎內吳册令師,曰:先王既汝,今余唯申先王命,命官邑人、師氏,賜汝金,拜𩒨 首,敢對揚天不顯休,用作朕文考外季𣪕 ,其萬年,孫孫子其永寶,用享于宗室。"
無,无無疆在不,无,"毛伯耤 仲姚寶𣪕 ,其萬年疆,子子孫孫,永寶用享。"
一,兩三一四二,兩,"矩𬪇 赤琥兩、韍 兩、賁,裁廿朋,其捨田三田。"
子,子繼祖千出,子,"隹 伯麒父作旅,用賜眉壽萬年,子孫孫,永寶用之。"
亥,亥出至日年,亥,"隹 正月己,和肇作皇母懿龏 孟姬彝。"
孫,孫孙子祖人,孫,"丌 用追孝其皇考,用易眉壽、黃耇 、霝 冬,其萬年,子子孫,永寶用享。"
萬,六萬中九元,六,仲耤 甥飲壺、匄 三壽、懿德、年。
于,于於在至陷,于,"隹 戎大出,邢侯搏戎,誕令臣諫□□亞旅處于。"
天,不天之未子,不,"王𢼜 曰:,丕顯文武,皇天引厭德配我有周,膺受大命,率不廷方,亡不覲于文武耿,唯天壯集厥命,亦唯先厥辟,爵堇大命,肆皇亡斁 ,臨保我有周,丕鞏王配命,旻天疾威,司余子弗彶 ,邦將曷 吉,四方,大縱不靖,烏乎,余小子,湛于艱,永鞏"
小,小老君大公,小,"王𢼜 曰:,丕顯文武,皇天引厭德配我有周,膺受大命,率不廷方,亡不覲于文武耿,唯天壯集厥命,亦唯先厥辟,爵堇大命,肆皇亡斁 ,臨保我有周,丕鞏王配命,旻天疾威,司余子弗彶 ,邦將曷 吉,四方,大縱不靖,烏乎,余小子,湛于艱,永鞏"
子,子兒嗣孫女,子,"季良父耤 崇媵 ,其萬年,子孫孫永寶用。"
曰,明聲無號曰,明,"徒南宮 ,作大林協鐘,茲鐘名無射,先祖南公亞祖公仲父之家,天子其萬年眉壽,永保四方,配皇天,乎拜稽首,敢對揚天子丕顯魯,用作朕皇祖南公、亞祖仲。"
公,公子老小伯,公,"徒南宮 ,作大林協鐘,茲鐘名無射,先祖南公亞祖公仲父之家,天子其萬年眉壽,永保四方,配皇天,乎拜稽首,敢對揚天子丕顯魯,用作朕皇祖南公、亞祖仲。"
孫,孫孙子祖後,孫,"卯拜手𪜵 首,敢對揚榮伯休,用作尊𣪕 ,卯其萬年,子子孫永寶用。"
寅,年辰寅元巳,年,"隹 二月初吉戊,王在周師馬宮,各大室,即位,馬井伯佑師,入門,立中廷,王乎內史册令師,曰:先王既命,今余唯申先王命,命汝邑人、師氏,賜汝金勒,拜𩒨 首,敢對揚天子顯休,用作朕文考外季尊 ,其萬年,孫孫子子永寶,用享于宗室。"
汝,我朕臣矣汝,我,"隹 二月初吉戊,王在周師馬宮,各大室,即位,馬井伯佑師,入門,立中廷,王乎內史册令師,曰:先王既命,今余唯申先王命,命汝邑人、師氏,賜汝金勒,拜𩒨 首,敢對揚天子顯休,用作朕文考外季尊 ,其萬年,孫孫子子永寶,用享于宗室。"
不,不之嗣子而,不,"隹 二月初吉戊,王在周師馬宮,各大室,即位,馬井伯佑師,入門,立中廷,王乎內史册令師,曰:先王既命,今余唯申先王命,命汝邑人、師氏,賜汝金勒,拜𩒨 首,敢對揚天子顯休,用作朕文考外季尊 ,其萬年,孫孫子子永寶,用享于宗室。"
子,子兒女嗣家,子,"隹 伯麒父旅,用賜眉壽萬年,子孫孫,永寶用之。"
孫,孫孙代祖后,孫,"丌 用追孝于皇考,用易眉壽、黃耇 、霝 冬,其萬年,子子孫,永寶用享。"
年,壽歲寿年福,壽,仲耤 飲壺、匄 三壽、懿德、萬。
用,用以能可要,用,"用聽夙夜,享𫗍 皇祖、文考,用匄 眉壽、永命。"
以,其他以彼之,其,"伯子父,耤 其征,其陰其陽,以行,匄 眉壽無疆,其以臧。"
子,子臣兵兒人,子,"王𢼜 曰:父,丕顯文武,皇天引厭厥配我有周,膺受大命,率懷廷方,亡不覲于文武耿光,唯天壯集厥命,亦唯先正厥辟,爵堇大命,肆皇天斁 ,臨保我有周,丕鞏先配命,旻天疾威,司余小弗彶 ,邦將曷 吉,方,大縱不靖,烏乎,小子,湛于艱,永鞏先"
余,余我君臣少,余,"王𢼜 曰:父,丕顯文武,皇天引厭厥配我有周,膺受大命,率懷廷方,亡不覲于文武耿光,唯天壯集厥命,亦唯先正厥辟,爵堇大命,肆皇天斁 ,臨保我有周,丕鞏先配命,旻天疾威,司余小弗彶 ,邦將曷 吉,方,大縱不靖,烏乎,小子,湛于艱,永鞏先"
之,之為在爲於,之,"工太子祜 發反,自乍元用,在行先,云用云獲,莫敢禦余,余處江之陽,至於南行西行。"
孫,孫孙子祖人,孫,"季良父耤 媵 ,其萬年,子子孫永寶用。"
孫,孫孙代祖世,孫,"卯拜手𪜵 ,敢對揚榮伯休,用作寶𣪕 ,卯其萬年,子子孫永寶用。"
即,上列即授在,上,"隹 二月初吉戊寅,王在周師馬宮,各大室,位,馬井伯佑師,門,立中廷,王乎內史吳令師,曰:先王既命汝,今余唯申先王命,命汝官邑人、師氏,賜汝金勒,拜𩒨 首,敢對揚天子不休,用作朕文考外季尊𣪕 ,其萬年,孫孫子子其寶,用享于宗室。"
入,開入掌建上,開,"隹 二月初吉戊寅,王在周師馬宮,各大室,位,馬井伯佑師,門,立中廷,王乎內史吳令師,曰:先王既命汝,今余唯申先王命,命汝官邑人、師氏,賜汝金勒,拜𩒨 首,敢對揚天子不休,用作朕文考外季尊𣪕 ,其萬年,孫孫子子其寶,用享于宗室。"
毋,毋不無非勿,毋,"冊𠣾 毋反,詐毋謀。"
孫,孫孙子後祖,孫,"隹 伯麒父作,用賜眉壽萬年,子子孫,永寶用之。"
君,延壽長命君,延,"陸𬴥 之孫邾 公 ,作厥龢鐘,用敬盟祀,祈年眉壽,用樂我賓,及我正卿,揚君靈,以萬年。"
叔,叔張帝伯祖,叔,"隹 二月初吉,作鑄皮父尊𣪕 ,其妻子用享孝叔皮父,子子孫孫寶,皇年永用。"
方,方國軍朝人,方,"王𢼜 曰:父,丕顯文武,皇天引厭厥德我有周,膺受大命,率懷不方,亡不覲于文武耿光,天壯集厥命,亦唯先正辟,爵堇大命,肆皇天亡 ,臨保我有周,丕鞏先王命,旻天疾威,司余小子彶 ,邦將曷 吉,四,大縱不靖,烏乎,余子,湛于艱,永鞏先"
小,小老大君子,小,"王𢼜 曰:父,丕顯文武,皇天引厭厥德我有周,膺受大命,率懷不方,亡不覲于文武耿光,天壯集厥命,亦唯先正辟,爵堇大命,肆皇天亡 ,臨保我有周,丕鞏先王命,旻天疾威,司余小子彶 ,邦將曷 吉,四,大縱不靖,烏乎,余子,湛于艱,永鞏先"
王,王位皇定侍,王,"隹 二月初吉戊寅,在周師馬宮,各大室,即,馬井伯佑師,入,立中廷,王乎內史吳册師,曰:先王既命汝,余唯申先王命,命汝官人、師氏,賜汝金勒,𩒨 首,敢對揚天子不顯,用作朕文考外季尊𣪕 ,其萬年,孫孫子子其永,用享于宗室。"
今,我朕臣今汝,我,"隹 二月初吉戊寅,在周師馬宮,各大室,即,馬井伯佑師,入,立中廷,王乎內史吳册師,曰:先王既命汝,余唯申先王命,命汝官人、師氏,賜汝金勒,𩒨 首,敢對揚天子不顯,用作朕文考外季尊𣪕 ,其萬年,孫孫子子其永,用享于宗室。"
子,子祖千君繼,子,"毛伯父耤 姚寶𣪕 ,其萬年無疆,子孫孫,永寶用享。"
孫,孫孙代祖長,孫,"隹 伯麒父作旅,用賜眉壽萬年,子子孫,永寶用之。"
賓,賓慶禧靖德,賓,"陸𬴥 之孫邾  ,作厥龢鐘,用敬恤祀,祈年眉壽,用樂我嘉,及我正卿,揚君靈,君萬年。"
貝,斤魚八百貝,斤,",癸亥,我天饗酓 酒,賞貝,厥征斤,用作父丁尊彝。"
皮,皮伯父子公,皮,"隹 二月初吉,作鑄叔父尊𣪕 ,其妻子用享孝于皮父,子子孫孫寶,皇萬永用。"
叔,叔大伯師其,叔,"隹 二月初吉,作鑄叔父尊𣪕 ,其妻子用享孝于皮父,子子孫孫寶,皇萬永用。"
年,年世歲代壽,年,"隹 二月初吉,作鑄叔父尊𣪕 ,其妻子用享孝于皮父,子子孫孫寶,皇萬永用。"
命,我命德位之,我,"王𢼜 曰:父,顯文武,皇天引厭厥德配我有周,膺受大命,率懷不廷,亡不覲于文武耿光,唯壯集厥命,亦唯先正厥,爵堇大命,肆皇天亡斁 ,臨保我有周,丕鞏先王配,旻天疾威,司余小子弗 ,邦將曷 吉,四方,大縱不靖,烏乎,余小,湛于艱,永鞏先"
子,子兒弟臣人,子,"王𢼜 曰:父,顯文武,皇天引厭厥德配我有周,膺受大命,率懷不廷,亡不覲于文武耿光,唯壯集厥命,亦唯先正厥,爵堇大命,肆皇天亡斁 ,臨保我有周,丕鞏先王配,旻天疾威,司余小子弗 ,邦將曷 吉,四方,大縱不靖,烏乎,余小,湛于艱,永鞏先"
無,無萬天十邊,無,"正月初吉,日在庚,𪱛 者故,自作征城,次[UNK-00425-0]升,至劍兵,世萬子孫,眉壽疆,皿彼吉人享,士余是。"
百,十百千五四,十,"隹 王于伐楚,伯在,唯九月,既死霸丁丑,册夨 令尊宜于王姜,姜令貝十朋、臣十家、鬲 人。"
亥,年月辰酉亥,年,"隹 王正月,初吉丁,黃太子伯克作仲嬴[UNK-10162-0]媵 盤,用祈眉壽年無疆,子子孫孫,永寶之。"
萬,年萬永百歲,年,"隹 王正月,初吉丁,黃太子伯克作仲嬴[UNK-10162-0]媵 盤,用祈眉壽年無疆,子子孫孫,永寶之。"
四,四三天大正,四,"徒南宮虖 ,大林協鐘,茲鐘名曰無射,先祖南公亞祖公仲必父之家,天子其萬年眉壽,永保方,配皇天,乎拜手稽首,敢對揚天子丕顯魯休,用朕皇祖南公、亞祖公仲。"
在,朝在于於入,朝,"隹 二月初吉戊寅,王周師馬宮,各大室,即位,馬井伯佑師,入門,立中廷,王乎內史吳册令,曰:先王既命汝,今唯申先王命,命汝官邑、師氏,賜汝金勒,拜 首,敢對揚天子不顯休,用作朕文考外季尊𣪕 ,其萬年,孫孫子子其永寶,用享于宗室。"
師,師王宗上之,師,"隹 二月初吉戊寅,王周師馬宮,各大室,即位,馬井伯佑師,入門,立中廷,王乎內史吳册令,曰:先王既命汝,今唯申先王命,命汝官邑、師氏,賜汝金勒,拜 首,敢對揚天子不顯休,用作朕文考外季尊𣪕 ,其萬年,孫孫子子其永寶,用享于宗室。"
子,子兒女出家,子,"毛伯父耤 仲寶𣪕 ,其萬年無疆,子孫孫,永寶用享。"
毋,毋不無之勿,毋,"冊𠣾 毋反,毋詐謀。"
萬,萬安終壽延,萬,"陸𬴥 之孫邾 公 ,作厥龢鐘,用敬恤盟,祈年眉壽,用樂我嘉賓,及我正卿,揚君靈,君以年。"
四,四三八后二,四,"隹 八月,辰在甲申,王令周公子明保,尹三事方,受卿事寮。"
父,父母帝皇伯,父,"隹 二月初吉,作鑄叔皮尊𣪕 ,其妻子用享孝于叔父,子子孫孫寶,皇萬年用。"
皮,皮伯父母娘,皮,"隹 二月初吉,作鑄叔皮尊𣪕 ,其妻子用享孝于叔父,子子孫孫寶,皇萬年用。"
周,周命權位朝,周,"王𢼜 曰:父,丕文武,皇天引厭厥德配我有,膺受大命,率懷不廷方,亡不覲于文武耿光,唯天集厥命,亦唯先正厥辟,爵堇大命,肆皇天亡斁 ,臨保我有周,丕鞏先王配命,旻天疾威,司余小子弗彶 ,邦將曷 吉,四方,縱不靖,烏乎,余小子,湛于艱,永鞏先"
大,不天大我軍,不,"王𢼜 曰:父,丕文武,皇天引厭厥德配我有,膺受大命,率懷不廷方,亡不覲于文武耿光,唯天集厥命,亦唯先正厥辟,爵堇大命,肆皇天亡斁 ,臨保我有周,丕鞏先王配命,旻天疾威,司余小子弗彶 ,邦將曷 吉,四方,縱不靖,烏乎,余小子,湛于艱,永鞏先"
人,人家郎名子,人,"隹 王于伐楚,伯在炎,唯九月,既死霸丁丑,作夨 令尊宜于王姜,姜賞貝十朋、臣十家、鬲 百。"
年,年歲壽世劫,年,"隹 王正月,初吉丁亥,黃太子伯克作仲嬴[UNK-10162-0]媵 盤,用祈眉壽萬無疆,子子孫孫,永寶用。"
之,財命家之寶,財,"隹 王正月,初吉丁亥,黃太子伯克作仲嬴[UNK-10162-0]媵 盤,用祈眉壽萬無疆,子子孫孫,永寶用。"
大,三大一天雲,三,"徒南宮虖 ,作林協鐘,茲鐘名曰無射,祖南公亞祖公仲必父之家,子其萬年眉壽,永保四,配皇天,乎拜手稽首,對揚天子丕顯魯休,用作皇祖南公、亞祖公仲。"
天,天父皇母君,天,"徒南宮虖 ,作林協鐘,茲鐘名曰無射,祖南公亞祖公仲必父之家,子其萬年眉壽,永保四,配皇天,乎拜手稽首,對揚天子丕顯魯休,用作皇祖南公、亞祖公仲。"
孫,孫孙子后祖,孫,"毛伯父耤 仲姚𣪕 ,其萬年無疆,子子孫,永寶用享。"
年,年壽歲能物,年,"陸𬴥 之孫邾 公 ,作厥龢鐘,用敬恤盟祀,祈年眉壽,用樂我嘉賓,我正卿,揚君靈,君以萬。"
于,于於歸至赴,于,"隹 戎大出于,邢侯戎,誕令臣諫□□亞旅處。"
父,父母皇家親,父,"隹 二月初吉,作鑄叔皮父𣪕 ,其妻子用享孝于叔皮,子子孫孫寶,皇萬年永。"
文,文威聖大神,文,"王𢼜 曰:父,丕顯武,皇天引厭厥德配我有周,膺受大命,率懷不廷方,不覲于文武耿光,唯天壯厥命,亦唯先正厥辟,堇大命,肆皇天亡斁 ,保我有周,丕鞏先王配命,天疾威,司余小子弗彶 ,邦將曷 吉,四方,大不靖,烏乎,余小子,湛于艱,永鞏先"
之,南山之東江,南,"工太子祜 發反,自乍元用,在行之先,云云獲,莫敢禦余,余處江陽,至於南行西行。"
無,無萬不邊天,無,"隹 王正月,初吉丁亥,太子伯克作仲嬴[UNK-10162-0]媵 盤,用祈眉壽萬年疆,子子孫孫,永寶用之。"
祖,祖皇天宗帝,祖,"徒南宮虖 ,作大協鐘,茲鐘名曰無射,先南公亞祖公仲必父之家,天其萬年眉壽,永保四方,配皇天,乎拜手稽首,敢揚天子丕顯魯休,用作朕祖南公、亞祖公仲。"
子,佑賜尊子給,佑,"徒南宮虖 ,作大協鐘,茲鐘名曰無射,先南公亞祖公仲必父之家,天其萬年眉壽,永保四方,配皇天,乎拜手稽首,敢揚天子丕顯魯休,用作朕祖南公、亞祖公仲。"
孫,孫孙代后祖,孫,"毛伯父耤 仲姚寶 ,其萬年無疆,子子孫,永寶用享。"
萬,六之永萬長,六,"耤 朕皇考叔氏寶林鐘,喜侃皇考,皇考其嚴在上,,降余魯多福亡疆,唯祐、屯魯、用廣啟士父身,擢于永命,士父其□姬年,子子孫孫永寶,用享宗。"
十,千万十一百,千,"宮𪟹 宰僕賜甹 白金鈞,甹 敢拜稽首。"
子,子兒女嗣家,子,"敶 公子仲慶,自作筐,用祈眉壽,萬年無疆,子孫孫,永壽用之。"
伯,伯奉曾為以,伯,"隹 九月在炎次,甲午,懋父賜召白馬、黃、髪,用[UNK-05416-0]丕丕召,用追于炎,丕肆伯懋父召,萬年永光,用作團宮彝。"
子,子兒家嗣女,子,"隹 王正月,初吉丁亥,攻仲冬之外孫、坪之子臧孫,擇厥吉金,自作龢鐘,子孫孫,永保是從。"
王,下故命曾王,下,"丁巳,王在新邑,初望,賜士卿貝朋,用耤 父尊彝,子脊。"
孫,孫代孙祖輩,孫,"以享以𫗍 于大宗、皇、皇妣、皇考、皇母,作今命,眉壽萬年,子子孫,永保用。"
年,物有事年利,物,"隹 五月初吉,王在周,令冊內史賜免鹵百,免蔑女王休,用作盤盉 ,其萬寶用。"
子,子祖千嗣家,子,"小子家弗㖟 ,作厥文考奠,其萬年,子孫孫永寶用。"
曰,曰道言說答,曰,"隹 二年正月初吉,王在周卲 宮,丁亥,王各于宣榭,伯入門,立中廷,佑祝𨝍 ,王乎內史册命𨝍 ,王:昔先王既命汝作邑,纘 五邑祝,今余唯申就乃命,賜汝赤、衡、鑾旂,事,𨝍 拜手𩒨 首,敢揚天子休命,𨝍 用作朕考龏 伯尊𣪕 ,𨝍 其壽,萬年無疆"
孫,孫子嗣之王,孫,"隹 四月初吉甲午,王觀于公東宮,納饗于王,王賜貝五十朋,公賜厥世子效王貝廿朋,效對公休,用作尊彝,烏乎,效不敢不萬年夜奔走揚公休,亦其子子孫永寶。"
安,安常永生能,安,"曰:烏虖 ,朕文考公、文母日庚弋休,則常永宕乃子心,安永襲,厥復享於天子。"
身,心子身命家,心,"曰:烏虖 ,朕文考公、文母日庚弋休,則常永宕乃子心,安永襲,厥復享於天子。"
期,期年秋春叶,期,"2. 117021.斷代:战国晚2.釋文:十五年,守相埶 、廉頗、邦𬢚 庫工師采、冶句劑,大工尹公孫桴 。"
公,公子王夫侯,公,"𧻚𧻚 ,夙夕聖爽,𫗍 于高祖辛公、文祖乙、皇考丁公,龢林鐘,用 各、喜侃樂前文人,用壽、匄 永命,綽、福、純魯,弋皇祖考高對爾,嚴在上,,融綏厚多,廣啟身,擢于永命, 授余爾𬹜 福,其萬,齊祿熾光,宜文神,無景福,用光"
祿,壽祿樂滿氣,壽,"𧻚𧻚 ,夙夕聖爽,𫗍 于高祖辛公、文祖乙、皇考丁公,龢林鐘,用 各、喜侃樂前文人,用壽、匄 永命,綽、福、純魯,弋皇祖考高對爾,嚴在上,,融綏厚多,廣啟身,擢于永命, 授余爾𬹜 福,其萬,齊祿熾光,宜文神,無景福,用光"
福,福壽利禮情,福,"𧻚𧻚 ,夙夕聖爽,𫗍 于高祖辛公、文祖乙、皇考丁公,龢林鐘,用 各、喜侃樂前文人,用壽、匄 永命,綽、福、純魯,弋皇祖考高對爾,嚴在上,,融綏厚多,廣啟身,擢于永命, 授余爾𬹜 福,其萬,齊祿熾光,宜文神,無景福,用光"
年,壽年福物歲,壽,"𧻚𧻚 ,夙夕聖爽,𫗍 于高祖辛公、文祖乙、皇考丁公,龢林鐘,用 各、喜侃樂前文人,用壽、匄 永命,綽、福、純魯,弋皇祖考高對爾,嚴在上,,融綏厚多,廣啟身,擢于永命, 授余爾𬹜 福,其萬,齊祿熾光,宜文神,無景福,用光"
子,子後兒君家,子,"用䢐 朕文考寶𣪕 ,其子孫孫永用。"
年,歲年王千世,歲,"朕皇考叔氏寶林鐘,用侃皇考,皇考其嚴在上,,降余魯多福亡疆,唯康、屯魯、用廣啟士父身,于永命,士父其□姬萬,子子孫孫永寶,用享于。"
王,王即虎身定,王,"元年六月,既望甲戌,在杜,𢓜 于大室,井入佑師虎,即立中廷,北,王乎內史吳曰:册命虎。"
孫,孫孙子祖後,孫,"公子仲慶,自作筐,祈眉壽,萬年無疆,子子孫,永壽用之。"
懋,懋閎彧丕暘,懋,"九月在炎次,甲午,伯父賜召白馬、黃、髪微,用[UNK-05416-0]丕丕召多,用追于炎,丕肆伯懋父友,萬年永光,用作團宮旅。"
孫,孫孙子祖嗣,孫,"王正月,初吉丁亥,攻冬之外孫、坪之子臧孫,厥吉金,自作龢鐘,子子孫,永保是從。"
子,子公祖之王,子,"小子家弗㖟 ,用厥文考奠,其萬年,子孫孫永寶用。"
賜,命賜令使請,命,"二年正月初吉,王在周卲 ,丁亥,王各于宣榭,毛入門,立中廷,佑祝𨝍 ,王乎內史册命𨝍 ,王曰:昔先王既命汝作邑,纘 邑祝,今余唯申就乃命,汝赤、衡、鑾旂,用,𨝍 拜手𩒨 首,敢對天子休命,𨝍 用作朕皇龏 伯尊𣪕 ,𨝍 其眉,萬年無疆"
盂,盂他宇總王,盂,"榮𫡜 酋厥故,□伯□□鬼,鬼以新□從,,折酋于□,王乎伯令以人聝 入門,獻西旅,□□入燎周廟,盂以□入三,即立中廷,北嚮,盂告伯即位,伯□□□□于伯,繼伯,□伯,告咸,與諸侯侯、甸、男□□盂征,既咸,賓即位、贊,王乎贊盂"
夜,夜願愿日戎,夜,"四月初吉甲午,王觀于嘗東宮,納饗于王,王賜公五十朋,公賜厥世子效王好廿朋,效對公休,用作寶彝,烏乎,效不敢不萬年夙奔走揚公休,亦其子子孫永寶。"
孫,孫子得為有,孫,"四月初吉甲午,王觀于嘗東宮,納饗于王,王賜公五十朋,公賜厥世子效王好廿朋,效對公休,用作寶彝,烏乎,效不敢不萬年夙奔走揚公休,亦其子子孫永寶。"
王,有王大秀求,有,"十又一月,初吉甲申,才華,王賜命鹿。"
永,永安撫延常,永,"曰:烏虖 ,朕文考甲、文母日庚弋休,則常安宕乃子心,安永襲身,厥復享於天子。"
子,孫之子其也,孫,"䢐 朕文考寶𣪕 ,其子孫孫永用。"
曰,曰道言爺公,曰,"王:恒,𪟹 汝更喬克直,賜女鑾旂,用事,夙夕灋 朕令。"
孫,孫孙代祖輩,孫,"敶 公子仲慶,自作筐,用眉壽,萬年無疆,子子孫,永壽用之。"
父,父公母帝兄,父,"隹 九月在炎次,甲午,伯懋賜召白馬、黃、髪微,[UNK-05416-0]丕丕召多,追于炎,丕肆伯懋父友召,萬年永光,用作團宮旅彝。"
孫,孫孙代祖輩,孫,"隹 王正月,初吉丁亥,攻仲之外孫、坪之子臧孫,擇吉金,自作龢鐘,子子孫,永保是從。"
皇,皇御聖王母,皇,"享以𫗍 于大宗、皇祖、妣、皇考、皇母,作遂今,眉壽萬年,子子孫孫,保用。"
永,必都均皆永,必,"享以𫗍 于大宗、皇祖、妣、皇考、皇母,作遂今,眉壽萬年,子子孫孫,保用。"
孫,孫孙子祖女,孫,"小子家弗㖟 ,用作文考奠,其萬年,子子孫永寶用。"
入,入臨上之御,入,"隹 二年正月初吉,王在周卲 宮,丁亥,王各于宣榭,毛伯門,立中廷,佑祝𨝍 ,乎內史册命𨝍 ,王曰:先王既命汝作邑,纘 五祝,今余唯申就乃命,賜赤、衡、鑾旂,用事,𨝍 拜手𩒨 首,敢對揚子休命,𨝍 用作朕皇考 伯尊𣪕 ,𨝍 其眉壽,萬年無疆"
汝,汝君以你我,汝,"隹 二年正月初吉,王在周卲 宮,丁亥,王各于宣榭,毛伯門,立中廷,佑祝𨝍 ,乎內史册命𨝍 ,王曰:先王既命汝作邑,纘 五祝,今余唯申就乃命,賜赤、衡、鑾旂,用事,𨝍 拜手𩒨 首,敢對揚子休命,𨝍 用作朕皇考 伯尊𣪕 ,𨝍 其眉壽,萬年無疆"
以,以諸眾之派,以,"𫡜 酋厥故,□伯□□鬼,鬼以新□從,咸,折酋于□,王乎伯令盂人聝 入門,獻西旅,□□入燎周廟,盂以□入三門,即立中廷,北嚮,盂告即位,伯□□□□于明,繼伯,□伯,告咸,盂諸侯侯、甸、男□□從征,既咸,賓即位、贊賓,王乎贊盂"
伯,伯公賓王平,伯,"𫡜 酋厥故,□伯□□鬼,鬼以新□從,咸,折酋于□,王乎伯令盂人聝 入門,獻西旅,□□入燎周廟,盂以□入三門,即立中廷,北嚮,盂告即位,伯□□□□于明,繼伯,□伯,告咸,盂諸侯侯、甸、男□□從征,既咸,賓即位、贊賓,王乎贊盂"
與,告以與請令,告,"𫡜 酋厥故,□伯□□鬼,鬼以新□從,咸,折酋于□,王乎伯令盂人聝 入門,獻西旅,□□入燎周廟,盂以□入三門,即立中廷,北嚮,盂告即位,伯□□□□于明,繼伯,□伯,告咸,盂諸侯侯、甸、男□□從征,既咸,賓即位、贊賓,王乎贊盂"
皇,文祖皇高司,文,"𧻚𧻚 ,夙夕聖爽,追𫗍 于高祖辛公、文祖乙公、考丁公,龢林鐘,用卲 、喜侃樂前文人,用祓壽、匄 永命,綽、福祿、魯,弋皇祖考高對爾烈,在上,,融綏厚多福,啟身,擢于永命,褱 余爾𬹜 福,其萬年,祿熾光,宜文神,無疆景,用光"
福,樂福氣光觀,樂,"𧻚𧻚 ,夙夕聖爽,追𫗍 于高祖辛公、文祖乙公、考丁公,龢林鐘,用卲 、喜侃樂前文人,用祓壽、匄 永命,綽、福祿、魯,弋皇祖考高對爾烈,在上,,融綏厚多福,啟身,擢于永命,褱 余爾𬹜 福,其萬年,祿熾光,宜文神,無疆景,用光"
孫,孫子孙祖之,孫,"用 朕文考寶𣪕 ,其子子孫永用。"
皇,皇王帝師國,皇,"耤 皇考叔氏寶林鐘,用喜侃考,皇考其嚴在上,,余魯多福亡疆,唯康祐、魯、用廣啟士父身,擢于命,士父其□姬萬年,子孫孫永寶,用享于宗。"
子,子兒嗣君其,子,"耤 皇考叔氏寶林鐘,用喜侃考,皇考其嚴在上,,余魯多福亡疆,唯康祐、魯、用廣啟士父身,擢于命,士父其□姬萬年,子孫孫永寶,用享于宗。"
元,同元那次該,同,"隹 年六月,既望甲戌,王在,𢓜 于大室,井白入師虎,即立中廷,北嚮,乎內史吳曰:册命虎。"
九,六八十七九,六,"隹 月在炎次,甲午,伯懋父召白馬、黃、髪微,用[UNK-05416-0]丕丕召多,用于炎,丕肆伯懋父友召,年永光,用作團宮旅彝。"
正,明三嘉元正,明,"隹 王月,初吉丁亥,攻仲冬之外孫、坪之子臧孫,擇厥金,自作龢鐘,子子孫孫,永保是從。"
五,十七四五六,十,"隹 月初吉,王在周,令作冊內賜免鹵百,免蔑靜女王休,用作盤盉 ,其萬年寶用。"
文,人文民氏王,人,"子家弗㖟 ,用作厥考奠,其萬年,子子孫永寶用。"
孫,孫孙代世之,孫,"子家弗㖟 ,用作厥考奠,其萬年,子子孫永寶用。"
年,年元月巳世,年,"隹 二正月初吉,王在周卲 宮,亥,王各于宣榭,毛伯入,立中廷,佑祝𨝍 ,王內史册命𨝍 ,王曰:昔王既命汝作邑,纘 五邑,今余唯申就乃命,賜汝、衡、鑾旂,用事, 拜手𩒨 首,敢對揚天休命,𨝍 用作朕皇考龏 伯尊𣪕 ,𨝍 其眉壽,年無疆"
丁,己辛癸丁元,己,"隹 二正月初吉,王在周卲 宮,亥,王各于宣榭,毛伯入,立中廷,佑祝𨝍 ,王內史册命𨝍 ,王曰:昔王既命汝作邑,纘 五邑,今余唯申就乃命,賜汝、衡、鑾旂,用事, 拜手𩒨 首,敢對揚天休命,𨝍 用作朕皇考龏 伯尊𣪕 ,𨝍 其眉壽,年無疆"
萬,萬百永長千,萬,"隹 二正月初吉,王在周卲 宮,亥,王各于宣榭,毛伯入,立中廷,佑祝𨝍 ,王內史册命𨝍 ,王曰:昔王既命汝作邑,纘 五邑,今余唯申就乃命,賜汝、衡、鑾旂,用事, 拜手𩒨 首,敢對揚天休命,𨝍 用作朕皇考龏 伯尊𣪕 ,𨝍 其眉壽,年無疆"
六,十九七四六,十,"隹 月初吉,王才鄭。"
即,即繼上之就,即,"榮 酋厥故,□伯□□,鬼以新□從,咸,酋于□,王乎伯令盂以聝 入門,獻西旅,□□燎周廟,盂以□入三門,立中廷,北嚮,盂告伯位,伯□□□□于明伯,繼伯,□伯,告咸,盂與侯侯、甸、男□□從盂,既咸,賓即位、贊賓,乎贊盂"
諸,王諸魏公桓,王,"榮 酋厥故,□伯□□,鬼以新□從,咸,酋于□,王乎伯令盂以聝 入門,獻西旅,□□燎周廟,盂以□入三門,立中廷,北嚮,盂告伯位,伯□□□□于明伯,繼伯,□伯,告咸,盂與侯侯、甸、男□□從盂,既咸,賓即位、贊賓,乎贊盂"
王,王咸侯郭魏,王,"榮 酋厥故,□伯□□,鬼以新□從,咸,酋于□,王乎伯令盂以聝 入門,獻西旅,□□燎周廟,盂以□入三門,立中廷,北嚮,盂告伯位,伯□□□□于明伯,繼伯,□伯,告咸,盂與侯侯、甸、男□□從盂,既咸,賓即位、贊賓,乎贊盂"
走,騰波放向走,騰,"隹 月初吉甲午,王觀于嘗公東,納饗于王,王賜公貝五十,公賜厥世子效王好貝廿,效對公休,用作寶尊彝,烏乎,效不敢不萬年夙夜奔揚公休,亦其子子孫孫永。"
十,年十九七千,年,"隹 又一月,初吉甲申,王才,王賜命鹿。"
曰,曰子母言云,曰,":烏虖 ,朕文考甲公、母日庚弋休,則常安永宕子心,安永襲身,厥享於天子。"
皇,皇其以曾之,皇,"耤 朕考叔氏寶林鐘,用喜侃皇,皇考其嚴在上,,降魯多福亡疆,唯康祐、屯、用廣啟士父身,擢于永,士父其□姬萬年,子孫孫永寶,用享于宗。"
考,考上子帝宗,考,"耤 朕考叔氏寶林鐘,用喜侃皇,皇考其嚴在上,,降魯多福亡疆,唯康祐、屯、用廣啟士父身,擢于永,士父其□姬萬年,子孫孫永寶,用享于宗。"
子,子嗣兒君女,子,"耤 朕考叔氏寶林鐘,用喜侃皇,皇考其嚴在上,,降魯多福亡疆,唯康祐、屯、用廣啟士父身,擢于永,士父其□姬萬年,子孫孫永寶,用享于宗。"
年,年祿曆甲元,年,"隹 元六月,既望甲戌,王在杜,𢓜 于大室,井白入佑虎,即立中廷,北嚮,王內史吳曰:册命虎。"
萬,永萬百長終,永,虖 其年永用。
子,子孫慶公元,子,"敶 公仲慶,自作筐,用祈眉,萬年無疆,子子孫孫,壽用之。"
月,年月世歲代,年,"隹 九在炎次,甲午,伯懋父賜白馬、黃、髪微,用[UNK-05416-0]丕丕召多,用追炎,丕肆伯懋父友召,萬永光,用作團宮旅彝。"
年,年歲軍壽日,年,"隹 九在炎次,甲午,伯懋父賜白馬、黃、髪微,用[UNK-05416-0]丕丕召多,用追炎,丕肆伯懋父友召,萬永光,用作團宮旅彝。"
子,子字文家氏,子,"小家弗㖟 ,用作厥文奠,其萬年,子子孫孫寶用。"
亥,年月酉亥午,年,"隹 二年月初吉,王在周卲 宮,丁,王各于宣榭,毛伯入門,立中廷,佑祝𨝍 ,王乎史册命𨝍 ,王曰:昔先既命汝作邑,纘 五邑祝,今余唯申就乃命,賜汝赤、衡、鑾旂,用事,𨝍 拜手𩒨 首,敢對揚天子命,𨝍 用作朕皇考龏 尊𣪕 ,𨝍 其眉壽,萬無疆"
王,皇帝祖天王,皇,"隹 二年月初吉,王在周卲 宮,丁,王各于宣榭,毛伯入門,立中廷,佑祝𨝍 ,王乎史册命𨝍 ,王曰:昔先既命汝作邑,纘 五邑祝,今余唯申就乃命,賜汝赤、衡、鑾旂,用事,𨝍 拜手𩒨 首,敢對揚天子命,𨝍 用作朕皇考龏 尊𣪕 ,𨝍 其眉壽,萬無疆"
年,年壽世古歲,年,"隹 二年月初吉,王在周卲 宮,丁,王各于宣榭,毛伯入門,立中廷,佑祝𨝍 ,王乎史册命𨝍 ,王曰:昔先既命汝作邑,纘 五邑祝,今余唯申就乃命,賜汝赤、衡、鑾旂,用事,𨝍 拜手𩒨 首,敢對揚天子命,𨝍 用作朕皇考龏 尊𣪕 ,𨝍 其眉壽,萬無疆"
位,位王公宮官,位,"榮𫡜 酋厥故,□伯□□鬼,鬼以新□從,咸,折于□,王乎伯令盂以人 入門,獻西旅,□□入周廟,盂以□入三門,即中廷,北嚮,盂告伯即,伯□□□□于明伯,伯,□伯,告咸,盂與諸侯、甸、男□□從盂征,既咸,賓即位、贊賓,王贊盂"
侯,侯王公位大,侯,"榮𫡜 酋厥故,□伯□□鬼,鬼以新□從,咸,折于□,王乎伯令盂以人 入門,獻西旅,□□入周廟,盂以□入三門,即中廷,北嚮,盂告伯即,伯□□□□于明伯,伯,□伯,告咸,盂與諸侯、甸、男□□從盂征,既咸,賓即位、贊賓,王贊盂"
乎,乎亦公又也,乎,"榮𫡜 酋厥故,□伯□□鬼,鬼以新□從,咸,折于□,王乎伯令盂以人 入門,獻西旅,□□入周廟,盂以□入三門,即中廷,北嚮,盂告伯即,伯□□□□于明伯,伯,□伯,告咸,盂與諸侯、甸、男□□從盂征,既咸,賓即位、贊賓,王贊盂"
孫,孫孙子祖嗣,孫,"耤 朕皇叔氏寶林鐘,用喜侃皇考,皇考其嚴在上,,降余多福亡疆,唯康祐、屯魯、用廣啟士父身,擢于永命,士父其□姬萬年,子子孫永寶,用享于宗。"
六,十六八三九,十,"隹 元年月,既望甲戌,王在杜,𢓜 于大室,井白入佑師,即立中廷,北嚮,王乎史吳曰:册命虎。"
年,物世年代能,物,虖 其萬永用。
白,大一小三白,大,"隹 九月炎次,甲午,伯懋父賜召馬、黃、髪微,用[UNK-05416-0]丕丕召多,用追于,丕肆伯懋父友召,萬年光,用作團宮旅彝。"
王,年王他春生,年,"丁巳,在新邑,初望,王賜士卿朋,用耤 父戊尊彝,子。"
皇,皇大王帝太,皇,"以享以 于大宗、皇祖、皇妣、考、皇母,作遂今命,眉萬年,子子孫孫,永保用。"
壽,壽延目長年,壽,"以享以 于大宗、皇祖、皇妣、考、皇母,作遂今命,眉萬年,子子孫孫,永保用。"
作,作石為於一,作,"隹 五月初,王在周,令作冊內史賜鹵百,免蔑靜女王休,用盤盉 ,其萬年寶用。"
今,今汝我此故,今,"隹 二年正月初吉,王在周卲 宮,丁亥,王各于宣榭,毛伯入門,中廷,佑祝𨝍 ,王乎內册命𨝍 ,王曰:昔先王命汝作邑,纘 五邑祝,余唯申就乃命,賜汝赤、衡、鑾旂,用事,𨝍 手𩒨 首,敢對揚天子休,𨝍 用作朕皇考龏 伯𣪕 ,𨝍 其眉壽,萬年疆"
無,無不在无有,無,"隹 二年正月初吉,王在周卲 宮,丁亥,王各于宣榭,毛伯入門,中廷,佑祝𨝍 ,王乎內册命𨝍 ,王曰:昔先王命汝作邑,纘 五邑祝,余唯申就乃命,賜汝赤、衡、鑾旂,用事,𨝍 手𩒨 首,敢對揚天子休,𨝍 用作朕皇考龏 伯𣪕 ,𨝍 其眉壽,萬年疆"
公,朝王帝公年,朝,"隹 王令明,遣三族伐東國,在,侯有功,用作旅彝。"
公,公子大王威,公,"隹 四月初甲午,王觀于嘗公東宮,饗于王,王賜公貝五十朋,賜厥世子效王好貝廿朋,對公休,用作寶尊彝,烏,效不敢不萬年夙夜奔走揚休,亦其子子孫孫永寶。"
一,九八一三二,九,"隹 十又月,初吉甲申,王才華,賜命鹿。"
王,天神王君帝,天,"隹 十又月,初吉甲申,王才華,賜命鹿。"
祖,皇大高公祖,皇,"𧻚𧻚 ,夙夕聖爽,追𫗍 于高辛公、文祖乙公、皇考丁,龢林鐘,用卲 各、喜樂前文人,用祓壽、匄 命,綽、福祿、純魯,皇祖考高對爾烈,嚴在上,,融綏厚多福,廣啟,擢于永命,褱 授余爾 福,其萬年,齊祿熾,宜文神,無疆景福,用光"
公,公等王子命,公,"𧻚𧻚 ,夙夕聖爽,追𫗍 于高辛公、文祖乙公、皇考丁,龢林鐘,用卲 各、喜樂前文人,用祓壽、匄 命,綽、福祿、純魯,皇祖考高對爾烈,嚴在上,,融綏厚多福,廣啟,擢于永命,褱 授余爾 福,其萬年,齊祿熾,宜文神,無疆景福,用光"
永,永長天明生,永,"𧻚𧻚 ,夙夕聖爽,追𫗍 于高辛公、文祖乙公、皇考丁,龢林鐘,用卲 各、喜樂前文人,用祓壽、匄 命,綽、福祿、純魯,皇祖考高對爾烈,嚴在上,,融綏厚多福,廣啟,擢于永命,褱 授余爾 福,其萬年,齊祿熾,宜文神,無疆景福,用光"
光,烈光盛火紅,烈,"𧻚𧻚 ,夙夕聖爽,追𫗍 于高辛公、文祖乙公、皇考丁,龢林鐘,用卲 各、喜樂前文人,用祓壽、匄 命,綽、福祿、純魯,皇祖考高對爾烈,嚴在上,,融綏厚多福,廣啟,擢于永命,褱 授余爾 福,其萬年,齊祿熾,宜文神,無疆景福,用光"
皇,皇帝王以其,皇,"耤 朕皇考氏寶林鐘,用喜侃皇考,考其嚴在上,,降余魯福亡疆,唯康祐、屯魯、廣啟士父身,擢于永命,父其□姬萬年,子子孫永寶,用享于宗。"
士,其祖皇嗣士,其,"耤 朕皇考氏寶林鐘,用喜侃皇考,考其嚴在上,,降余魯福亡疆,唯康祐、屯魯、廣啟士父身,擢于永命,父其□姬萬年,子子孫永寶,用享于宗。"
孫,孫孙祖嗣代,孫,"耤 朕皇考氏寶林鐘,用喜侃皇考,考其嚴在上,,降余魯福亡疆,唯康祐、屯魯、廣啟士父身,擢于永命,父其□姬萬年,子子孫永寶,用享于宗。"
月,月日旬夕年,月,"隹 元年六,既望甲戌,王在杜, 于大室,井白入佑師虎,即立中廷,北嚮,王乎內吳曰:册命虎。"
慶,仲長公慶居,仲,"敶 公子仲,自作筐,用祈眉壽,年無疆,子子孫孫,永壽之。"
萬,萬永年百歲,萬,"敶 公子仲,自作筐,用祈眉壽,年無疆,子子孫孫,永壽之。"
萬,百萬千永九,百,"以享以𫗍 于大宗、皇祖、皇妣、皇、皇母,作遂今命,眉壽年,子子孫孫,永保用。"
王,王朝天周眾,王,"隹 二年正月初,王在周卲 宮,丁亥,各于宣榭,毛伯入門,立廷,佑祝𨝍 ,王乎內史命𨝍 ,王曰:昔先王既汝作邑,纘 五邑祝,今唯申就乃命,賜汝赤、衡、鑾旂,用事,𨝍 拜𩒨 首,敢對揚天子休命,𨝍 用作朕皇考龏 伯尊 ,𨝍 其眉壽,萬年無"
命,賜命以為奉,賜,"隹 二年正月初,王在周卲 宮,丁亥,各于宣榭,毛伯入門,立廷,佑祝𨝍 ,王乎內史命𨝍 ,王曰:昔先王既汝作邑,纘 五邑祝,今唯申就乃命,賜汝赤、衡、鑾旂,用事,𨝍 拜𩒨 首,敢對揚天子休命,𨝍 用作朕皇考龏 伯尊 ,𨝍 其眉壽,萬年無"
其,子使以令其,子,"隹 五月既生庚寅,弭叔作叔班旅,子子孫孫永寶用。"
月,月日年字曰,月,"隹 十又一,初吉甲申,王才華,王命鹿。"
心,身心子命手,身,"曰:烏 ,朕文考甲公、文母日弋休,則常安永宕乃子,安永襲身,厥復享於子。"
年,年岁日字代,年,"2. 117021.代:战国晚期2.釋文:十五,守相埶 、廉頗、邦𬢚 庫工師采、冶句劑,工尹公孫桴 。"
命,命壽生年福,命,"𧻚𧻚 ,夙夕聖爽,追𫗍 于高祖公、文祖乙公、皇考丁公,龢林鐘,用卲 各、喜侃前文人,用祓壽、匄 永,綽、福祿、純魯,弋祖考高對爾烈,嚴在上,,融綏厚多福,廣啟身,擢于永命,褱 授余爾𬹜 福,其萬年,齊祿熾光,宜文神,無疆景福,用"
皇,高文皇爾古,高,"𧻚𧻚 ,夙夕聖爽,追𫗍 于高祖公、文祖乙公、皇考丁公,龢林鐘,用卲 各、喜侃前文人,用祓壽、匄 永,綽、福祿、純魯,弋祖考高對爾烈,嚴在上,,融綏厚多福,廣啟身,擢于永命,褱 授余爾𬹜 福,其萬年,齊祿熾光,宜文神,無疆景福,用"
考,考曰高尊上,考,"耤 朕皇考叔寶林鐘,用喜侃皇考,皇其嚴在上,,降余魯多亡疆,唯康祐、屯魯、用啟士父身,擢于永命,士其□姬萬年,子子孫孫寶,用享于宗。"
父,尊父享以奉,尊,"耤 朕皇考叔寶林鐘,用喜侃皇考,皇其嚴在上,,降余魯多亡疆,唯康祐、屯魯、用啟士父身,擢于永命,士其□姬萬年,子子孫孫寶,用享于宗。"
年,壽年歲世劫,壽,"敶 公子仲慶,自作筐,用祈眉壽,萬無疆,子子孫孫,永壽用。"
之,命之家壽功,命,"敶 公子仲慶,自作筐,用祈眉壽,萬無疆,子子孫孫,永壽用。"
臣,人文臣民大,人,楷伯𪟹 厥獻金車。
十,百千一萬十,百,"戎鬳 金于牙父百車,而賜魯殿敖金鈞。"
年,年歲壽載劫,年,"以享以𫗍 大宗、皇祖、皇妣、皇考、皇母,作遂今命,眉壽萬,子子孫孫,永保用。"
王,天年主月王,天,"隹 五月初吉,在周,令作冊內史賜免鹵,免蔑靜女王休,用作盤 ,其萬年寶用。"
汝,汝我君朕臣,汝,"隹 二年正月初吉,王在周卲 宮,丁亥,王于宣榭,毛伯入門,立中,佑祝𨝍 ,王乎內史册𨝍 ,王曰:昔先王既命作邑,纘 五邑祝,今余申就乃命,賜汝赤、、鑾旂,用事,𨝍 拜手 首,敢對揚天子休命, 用作朕皇考龏 伯尊𣪕 ,𨝍 其眉壽,萬年無疆"
有,立有居建無,立,"隹 王令明公,三族伐東國,在,魯侯功,用作旅彝。"
伯,伯以公王與,伯,"榮𫡜 酋故,□伯□□鬼,鬼以新□從,咸,折酋于□,王乎伯令盂以人聝 入,獻西旅,□□入燎周廟,盂以□入三門,即立中廷,北嚮,盂告伯即位,□□□□于明伯,繼伯,□伯,告咸,盂與諸侯侯、甸、男□□從盂征,既咸,賓即位、贊賓,王乎贊盂"
子,子父後三嗣,子,"隹 五月既生霸寅,弭叔作叔班旅,其子孫孫永寶用。"
公,公子王劉老,公,"隹 四月初吉甲,王觀于嘗公東宮,納饗王,王賜公貝五十朋,公賜世子效王好貝廿朋,效對休,用作寶尊彝,烏乎,不敢不萬年夙夜奔走揚公休,亦其子子孫孫永寶。"
公,公王祖子賢,公,"𧻚𧻚 ,夕聖爽,追𫗍 于高祖辛、文祖乙公、皇考丁公,林鐘,用卲 各、喜侃樂文人,用祓壽、匄 永命,綽、福祿、純魯,弋皇考高對爾烈,嚴在上,,融綏厚多福,廣啟身,于永命,褱 授余爾𬹜 ,其萬年,齊祿熾光,文神,無疆景福,用光"
福,壽年命人福,壽,"𧻚𧻚 ,夕聖爽,追𫗍 于高祖辛、文祖乙公、皇考丁公,林鐘,用卲 各、喜侃樂文人,用祓壽、匄 永命,綽、福祿、純魯,弋皇考高對爾烈,嚴在上,,融綏厚多福,廣啟身,于永命,褱 授余爾𬹜 ,其萬年,齊祿熾光,文神,無疆景福,用光"
無,無萬邊不有,無,"敶 公子仲慶,作筐,用祈眉壽,萬年疆,子子孫孫,永壽用之。"
皇,皇聖祖母宗,皇,"以享以𫗍 于宗、皇祖、皇妣、皇考、母,作遂今命,眉壽萬年,子子孫孫,永保用。"
王,王君皇位定,王,"隹 二年正月初吉,在周卲 宮,丁亥,王各宣榭,毛伯入門,立中廷,佑祝𨝍 ,王乎內史册命 ,王曰:昔先王既命汝邑,纘 五邑祝,今余唯就乃命,賜汝赤、衡、鑾旂,用事,𨝍 拜手𩒨 首,敢對揚天子休命,𨝍 用作朕皇考龏 伯尊𣪕 ,𨝍 其眉壽,萬年無疆"
以,與以奉為使,與,"榮𫡜 酋厥,□伯□□鬼,鬼新□從,咸,折酋于□,乎伯令盂以人聝 入門,獻西旅,□□入燎周廟,以□入三門,即立中廷,嚮,盂告伯即位,伯□□□□于明伯,繼伯,□,告咸,盂與諸侯侯、、男□□從盂征,既咸,即位、贊賓,王乎贊盂"
王,王咸故魏回,王,"榮𫡜 酋厥,□伯□□鬼,鬼新□從,咸,折酋于□,乎伯令盂以人聝 入門,獻西旅,□□入燎周廟,以□入三門,即立中廷,嚮,盂告伯即位,伯□□□□于明伯,繼伯,□,告咸,盂與諸侯侯、、男□□從盂征,既咸,即位、贊賓,王乎贊盂"
盂,盂又王後總,盂,"榮𫡜 酋厥,□伯□□鬼,鬼新□從,咸,折酋于□,乎伯令盂以人聝 入門,獻西旅,□□入燎周廟,以□入三門,即立中廷,嚮,盂告伯即位,伯□□□□于明伯,繼伯,□,告咸,盂與諸侯侯、、男□□從盂征,既咸,即位、贊賓,王乎贊盂"
寅,子年公寅元,子,"隹 五月既生霸庚,弭叔作叔班旅,其子孫孫永寶用。"
子,作之子孫王,作,"隹 五月既生霸庚,弭叔作叔班旅,其子孫孫永寶用。"
王,公王宮宴侯,公,"隹 四月初吉甲午,王觀于嘗公東宮,納饗于,王賜公貝五十朋,公賜厥子效王好貝廿朋,效對公,用作寶尊彝,烏乎,效不敢不萬年夙夜奔走揚公休,其子子孫孫永寶。"
安,安不亦常而,安,"曰:烏虖 ,朕文考甲公、文母日庚弋,則常安永宕乃子心,永襲身,厥復享於天子。"
士,士師其之皇,士,"耤 朕皇考叔氏寶鐘,用喜侃皇考,皇考其在上,,降余魯多福亡,唯康祐、屯魯、用廣啟父身,擢于永命,士父其□姬萬年,子子孫孫永寶,用享于宗。"
伯,伯為與奉於,伯,"隹 九月在炎次,午,伯懋父賜召白馬、、髪微,用[UNK-05416-0]丕召多,用追于炎,丕肆懋父友召,萬年永光,用團宮旅彝。"
子,子之王公孫,子,"隹 王正月,初吉丁,攻仲冬之外孫、坪之臧孫,擇厥吉金,自作龢,子子孫孫,永保是從。"
母,子后母公考,子,"以享以𫗍 于大、皇祖、皇妣、皇考、皇,作遂今命,眉壽萬年,子孫孫,永保用。"
子,子繼祖千嗣,子,"以享以𫗍 于大、皇祖、皇妣、皇考、皇,作遂今命,眉壽萬年,子孫孫,永保用。"
在,入在朝臨於,入,"隹 二年正月初吉,王周卲 宮,丁亥,王各于榭,毛伯入門,立中廷,祝𨝍 ,王乎內史册命𨝍 ,王曰:昔先王既命汝作,纘 五邑祝,今余唯申乃命,賜汝赤、衡、旂,用事,𨝍 拜手𩒨 ,敢對揚天子休命,𨝍 作朕皇考龏 伯尊𣪕 , 其眉壽,萬年無疆"
以,以人與相稱,以,"榮𫡜 酋厥故,□伯□□鬼,鬼以□從,咸,折酋于□,王伯令盂以人聝 入門,西旅,□□入燎周廟,盂□入三門,即立中廷,北,盂告伯即位,伯□□□□于明伯,繼伯,□伯,告咸,盂與諸侯侯、甸、男□□從盂征,既咸,賓位、贊賓,王乎贊盂"
即,即上之繼諸,即,"榮𫡜 酋厥故,□伯□□鬼,鬼以□從,咸,折酋于□,王伯令盂以人聝 入門,西旅,□□入燎周廟,盂□入三門,即立中廷,北,盂告伯即位,伯□□□□于明伯,繼伯,□伯,告咸,盂與諸侯侯、甸、男□□從盂征,既咸,賓位、贊賓,王乎贊盂"
孫,子作嗣之孫,子,"隹 五月既生霸庚寅,弭叔作叔班旅,其子子孫永寶用。"
王,公王恭奉客,公,"隹 四月初吉甲午,觀于嘗公東宮,納饗于王,王賜公貝五十朋,公賜厥世效王好貝廿朋,效對公休,用作寶尊彝,烏乎,效不敢萬年夙夜奔走揚公休,亦子子孫孫永寶。"
子,人子王公恭,人,"隹 四月初吉甲午,觀于嘗公東宮,納饗于王,王賜公貝五十朋,公賜厥世效王好貝廿朋,效對公休,用作寶尊彝,烏乎,效不敢萬年夙夜奔走揚公休,亦子子孫孫永寶。"
永,永安常世日,永,"曰:烏虖 ,文考甲公、文母日庚弋休,則常安永宕乃子心,安襲身,厥復享於天子。"
公,氏子公和家,氏,"2. 117021.斷代:国晚期2.釋文:十五年,守埶 、廉頗、邦𬢚 庫工采、冶句劑,大工尹孫桴 。"
人,人文公等言,人,"𧻚𧻚 ,夙夕爽,追𫗍 于高祖辛公、祖乙公、皇考丁公,龢林,用卲 各、喜侃樂前文,用祓壽、匄 永命,綽、福祿、純魯,弋皇祖考對爾烈,嚴在上,,融厚多福,廣啟身,擢于命,褱 授余爾𬹜 福,其萬年,齊祿熾光,宜文,無疆景福,用光"
永,長永天高大,長,"𧻚𧻚 ,夙夕爽,追𫗍 于高祖辛公、祖乙公、皇考丁公,龢林,用卲 各、喜侃樂前文,用祓壽、匄 永命,綽、福祿、純魯,弋皇祖考對爾烈,嚴在上,,融厚多福,廣啟身,擢于命,褱 授余爾𬹜 福,其萬年,齊祿熾光,宜文,無疆景福,用光"
父,父之尊其帝,父,"耤 朕皇考叔氏寶林,用喜侃皇考,皇考其嚴上,,降余魯多福亡疆,唯康祐、屯魯、用廣啟士身,擢于永命,士父其□姬萬年,子子孫孫永寶,享于宗。"
甲,戊壬丙庚甲,戊,"隹 元年六月,既望戌,王在杜,𢓜 于大,井白入佑師虎,即立中,北嚮,王乎內史吳曰:命虎。"
白,千白玉五重,千,"宮𪟹 宰僕賜甹 金十鈞,甹 敢拜稽首。"
午,年寅歲元午,年,"隹 九月在炎次,甲,伯懋父賜召白馬、黃、髪微,用[UNK-05416-0]丕召多,用追于炎,丕肆伯父友召,萬年永光,用作宮旅彝。"
懋,懋紂彧閎琮,懋,"隹 九月在炎次,甲,伯懋父賜召白馬、黃、髪微,用[UNK-05416-0]丕召多,用追于炎,丕肆伯父友召,萬年永光,用作宮旅彝。"
子,子兒嗣女繼,子,"以享以𫗍 于大宗、皇祖、皇妣、皇考、皇母,作遂今命,眉壽萬年,子孫孫,永保用。"
年,世代年千歲,世,"小子家弗㖟 ,用作厥文考奠,其萬,子子孫孫永寶用。"
位,位王賓咸公,位,"榮𫡜 酋厥故,□伯□□鬼,鬼以新□從,咸,折酋于□,王乎伯令盂以人聝 入門,獻旅,□□入燎周廟,盂以□入三門,即立中廷,北嚮,盂告伯即位,伯□□□□于明伯,繼伯,□伯,咸,盂與諸侯侯、甸、□□從盂征,既咸,賓即、贊賓,王乎贊盂"
王,公王奉周恭,公,"隹 四月初吉甲午,王于嘗公東宮,納饗于王,賜公貝五十朋,公賜厥世子王好貝廿朋,效對公休,作寶尊彝,烏乎,效不敢不年夙夜奔走揚公休,亦其子孫孫永寶。"
萬,萬長年永百,萬,"隹 四月初吉甲午,王于嘗公東宮,納饗于王,賜公貝五十朋,公賜厥世子王好貝廿朋,效對公休,作寶尊彝,烏乎,效不敢不年夙夜奔走揚公休,亦其子孫孫永寶。"
子,子兒祖後家,子,"隹 四月初吉甲午,王于嘗公東宮,納饗于王,賜公貝五十朋,公賜厥世子王好貝廿朋,效對公休,作寶尊彝,烏乎,效不敢不年夙夜奔走揚公休,亦其子孫孫永寶。"
国,国朝國侯宋,国,"2. 117021.斷代:战晚期2.釋文:十五年,守相 、廉頗、邦𬢚 庫工師、冶句劑,大工尹公桴 。"
祖,神人王祖侯,神,"𧻚𧻚 ,夙夕聖,追𫗍 于高祖辛公、文乙公、皇考丁公,龢林鐘,用卲 各、喜侃樂前文人,用祓壽、匄 永命,綽、福祿、純魯,弋皇祖考高爾烈,嚴在上,,融綏多福,廣啟身,擢于永,褱 授余爾𬹜 福,萬年,齊祿熾光,宜文神,無疆景福,用光"
命,命壽生年福,命,"𧻚𧻚 ,夙夕聖,追𫗍 于高祖辛公、文乙公、皇考丁公,龢林鐘,用卲 各、喜侃樂前文人,用祓壽、匄 永命,綽、福祿、純魯,弋皇祖考高爾烈,嚴在上,,融綏多福,廣啟身,擢于永,褱 授余爾𬹜 福,萬年,齊祿熾光,宜文神,無疆景福,用光"
金,金銀刀玉衣,金,"宮𪟹 宰僕賜甹 白十鈞,甹 敢拜稽首。"
子,子祖千繼兒,子,"敶 公子仲慶,自作筐,用祈眉壽,萬年無疆,子孫孫,永壽用之。"
父,父母兄與為,父,"隹 九月在炎次,甲午,伯懋父賜召白馬、黃、微,用[UNK-05416-0]丕丕多,用追于炎,丕肆伯懋友召,萬年永光,用作團旅彝。"
子,子繼祖千兒,子,"隹 王正月,初吉丁亥,仲冬之外孫、坪之子臧,擇厥吉金,自作龢鐘,子孫孫,永保是從。"
皇,皇大太宗祖,皇,"以享以𫗍 于大宗、祖、皇妣、皇考、皇母,遂今命,眉壽萬年,子子孫,永保用。"
孫,孫孙子祖後,孫,"以享以𫗍 于大宗、祖、皇妣、皇考、皇母,遂今命,眉壽萬年,子子孫,永保用。"
萬,餘年歷萬來,餘,"隹 五月初吉,王在周,作冊內史賜免鹵百,免靜女王休,用作盤盉 ,其年寶用。"
王,王命詔文伯,王,"隹 二年正月初吉,王在周 宮,丁亥,王各于宣榭,毛伯入門,立中廷,佑祝 ,王乎內史册命𨝍 ,曰:昔先王既命汝作邑, 五邑祝,今余唯申就乃,賜汝赤、衡、鑾旂,用事,𨝍 拜手𩒨 首,對揚天子休命,𨝍 用作皇考龏 伯尊𣪕 ,𨝍 眉壽,萬年無疆"
伯,伯公王侯帝,伯,"榮𫡜 酋厥故,□伯□□鬼,鬼以新□,咸,折酋于□,王乎令盂以人聝 入門,獻西,□□入燎周廟,盂以□三門,即立中廷,北嚮,告伯即位,伯□□□□于明伯,繼伯,□伯,告,盂與諸侯侯、甸、男□□從盂征,既咸,賓即位、贊賓,王乎贊盂"
入,入於于出在,入,"榮𫡜 酋厥故,□伯□□鬼,鬼以新□,咸,折酋于□,王乎令盂以人聝 入門,獻西,□□入燎周廟,盂以□三門,即立中廷,北嚮,告伯即位,伯□□□□于明伯,繼伯,□伯,告,盂與諸侯侯、甸、男□□從盂征,既咸,賓即位、贊賓,王乎贊盂"
盂,盂詔晉旨遂,盂,"榮𫡜 酋厥故,□伯□□鬼,鬼以新□,咸,折酋于□,王乎令盂以人聝 入門,獻西,□□入燎周廟,盂以□三門,即立中廷,北嚮,告伯即位,伯□□□□于明伯,繼伯,□伯,告,盂與諸侯侯、甸、男□□從盂征,既咸,賓即位、贊賓,王乎贊盂"
咸,賓王咸公伯,賓,"榮𫡜 酋厥故,□伯□□鬼,鬼以新□,咸,折酋于□,王乎令盂以人聝 入門,獻西,□□入燎周廟,盂以□三門,即立中廷,北嚮,告伯即位,伯□□□□于明伯,繼伯,□伯,告,盂與諸侯侯、甸、男□□從盂征,既咸,賓即位、贊賓,王乎贊盂"
賜,賜給賞贈奉,賜,"隹 四月初吉甲午,王觀嘗公東宮,納饗于王,王公貝五十朋,公賜厥世子效好貝廿朋,效對公休,用寶尊彝,烏乎,效不敢不萬夙夜奔走揚公休,亦其子孫孫永寶。"
年,年千日歲夜,年,"隹 四月初吉甲午,王觀嘗公東宮,納饗于王,王公貝五十朋,公賜厥世子效好貝廿朋,效對公休,用寶尊彝,烏乎,效不敢不萬夙夜奔走揚公休,亦其子孫孫永寶。"
子,孫子之王祖,孫,"隹 四月初吉甲午,王觀嘗公東宮,納饗于王,王公貝五十朋,公賜厥世子效好貝廿朋,效對公休,用寶尊彝,烏乎,效不敢不萬夙夜奔走揚公休,亦其子孫孫永寶。"
晚,末晚二後三,末,"2. 117021.斷代:战国期2.釋文:十五年,守相埶 、廉頗、邦𬢚 庫工師采、冶句劑,大工尹公孫 。"
萬,餘長生萬六,餘,"𧻚𧻚 ,夙夕聖爽,追𫗍 于高祖辛公、文祖公、皇考丁公,龢林鐘,卲 各、喜侃樂前文人,祓壽、匄 永命,綽、祿、純魯,弋皇祖考高對烈,嚴在上,,融綏厚福,廣啟身,擢于永命,褱 授余爾𬹜 福,其年,齊祿熾光,宜文神,疆景福,用光"
無,大廣天南無,大,"𧻚𧻚 ,夙夕聖爽,追𫗍 于高祖辛公、文祖公、皇考丁公,龢林鐘,卲 各、喜侃樂前文人,祓壽、匄 永命,綽、祿、純魯,弋皇祖考高對烈,嚴在上,,融綏厚福,廣啟身,擢于永命,褱 授余爾𬹜 福,其年,齊祿熾光,宜文神,疆景福,用光"
為,無至之壽為,無,"晉用𬀚 綽、眉壽,作極,萬年無彊,用享用德,保其孫子,三壽是利。"
萬,永萬終百長,永,"晉姜用𬀚 綽、眉壽,作為極,年無彊,用享用德,保其子,三壽是利。"
孫,生君孫養老,生,"晉姜用𬀚 綽、眉壽,作為極,年無彊,用享用德,保其子,三壽是利。"
年,壽事歲物年,壽,"晉姜用𬀚 、眉壽,作為極,萬無彊,用享用德,保其孫,三壽是利。"
子,子壽孫生命,子,"晉姜用𬀚 、眉壽,作為極,萬無彊,用享用德,保其孫,三壽是利。"
無,不無在為自,不,"晉姜用𬀚 綽、眉壽,作為極,萬年彊,用享用德,保其孫子,三壽是利。"
